Time (milliseconds),X,Y,Z
3536198,0,-12,1016
3536330,24,-16,1012
3536334,24,-16,1012
3536338,24,-16,1012
3536342,28,-20,988
3536346,28,-20,988
3536350,28,-20,988
3536354,28,-20,988
3536361,36,-16,1008
3536381,36,-8,1012
3536401,52,-8,1028
3536421,56,-4,1016
3536450,68,4,1024
3536462,68,4,1012
3536482,80,0,1000
3536503,88,12,1012
3536523,84,4,1020
3536544,88,4,1008
3536564,64,0,1024
3536584,84,8,1016
3536604,100,8,1016
3536624,96,4,1008
3536645,96,12,1008
3536665,92,4,1008
3536685,80,8,1012
3536705,88,8,1028
3536734,52,-4,1064
3536746,116,-4,992
3536766,140,-180,1364
3536787,248,16,684
3536808,32,68,136
3536828,-1964,816,-2040
3536848,-8,-80,-328
3536868,176,-52,-848
3536889,-584,344,1028
3536909,4,0,976
3536929,-8,96,1024
3536949,48,-108,1008
3536969,20,4,1008
3536998,16,-4,1052
3537010,40,8,1036
3537030,16,-4,1004
3537051,4,-12,948
3537072,16,16,1084
3537092,40,-20,972
3537111,36,20,1012
3537131,12,4,1020
3537152,24,4,1012
3537172,20,-8,992
3537192,12,-12,1016
3537213,8,8,984
3537233,12,12,1004
3537253,20,4,1012
3537278,20,4,1016
3537294,28,-4,992
3537314,32,12,996
3537335,28,4,1012
3537355,16,0,1012
3537375,24,-4,996
3537396,24,4,988
3537416,16,0,1016
3537436,16,-8,1016
3537457,28,0,1012
3537477,16,0,1004
3537497,20,12,1000
3537517,16,-12,1020
3537538,16,-4,1016
3537562,20,0,1024
3537578,24,0,1016
3537599,16,-8,1016
3537619,12,0,1024
3537639,16,0,1012
3537660,20,0,1012
3537680,28,0,1016
3537700,20,0,1012
3537721,20,8,1016
3537741,16,0,1016
3537761,20,0,1012
3537781,20,0,1016
3537801,16,0,1004
3537822,20,4,1012
3537846,24,-4,1008
3537862,20,-4,1012
3537883,12,4,1008
3537903,28,-4,1004
3537924,16,-4,1008
3537944,20,4,1004
3537964,24,0,1000
3537985,16,-4,1016
3538005,12,0,1012
3538025,24,8,1008
3538045,20,8,1024
3538065,20,0,1024
3538086,24,0,1016
3538106,28,4,1020
3538130,24,8,1016
3538147,24,0,1020
3538167,24,4,1016
3538188,24,0,1016
3538208,24,0,1016
3538228,20,-8,1016
3538249,24,0,1012
3538269,24,-4,1016
3538289,16,4,1016
3538309,24,4,1016
3538329,12,4,1012
3538349,20,0,1020
3538370,24,4,1004
3538390,16,4,1016
3538418,16,0,1024
3538430,12,4,1012
3538452,20,8,1012
3538472,16,4,1012
3538492,8,4,1012
3538512,12,4,1016
3538532,12,4,1016
3538552,20,-4,1004
3538573,24,0,1024
3538593,24,0,1012
3538613,16,-4,1028
3538634,24,4,1004
3538654,28,0,1020
3538674,24,0,1012
3538695,20,8,1024
3538718,20,0,1004
3538735,24,-4,1008
3538755,20,0,1012
3538776,20,-4,1016
3538796,12,-4,1012
3538816,20,4,1016
3538837,20,0,1008
3538857,20,4,1004
3538877,24,-4,1012
3538897,24,-4,1008
3538918,20,8,1012
3538938,16,-4,1008
3538958,16,-4,1008
3538986,12,0,1004
3538999,16,4,1008
3539019,16,-4,1012
3539040,12,0,1000
3539060,20,4,1004
3539080,24,-4,1016
3539101,16,0,1004
3539121,20,4,1012
3539141,20,0,996
3539161,24,0,1008
3539182,20,-4,1012
3539202,20,4,1000
3539222,20,-4,1004
3539243,24,-4,1000
3539270,24,0,1004
3539284,24,0,1012
3539304,16,-4,1012
3539324,20,4,1008
3539345,24,4,1004
3539365,20,4,1000
3539385,16,-4,996
3539405,16,4,1004
3539425,24,-4,1004
3539445,12,0,1004
3539466,12,4,1004
3539486,28,-4,1008
3539506,16,0,1004
3539526,16,0,1016
3539547,16,-4,1012
3539567,16,0,1008
3539587,16,-4,1012
3539608,24,-4,1008
3539628,12,0,1008
3539648,24,0,1004
3539669,20,0,1012
3539689,20,4,1016
3539709,16,0,1016
3539729,16,0,1008
3539750,20,24,988
3539770,12,-8,1008
3539790,16,0,1028
3539811,20,0,1008
3539831,24,4,1012
3539851,16,-4,1004
3539872,16,0,1008
3539892,16,-4,940
3539912,8,12,1016
3539933,16,-12,1004
3539953,20,4,1016
3539973,12,4,1008
3539993,16,4,1008
3540014,12,-4,1012
3540034,12,0,1004
3540054,16,4,1004
3540075,12,-8,1004
3540095,28,-4,1008
3540122,28,0,1020
3540136,16,-4,1004
3540156,20,0,1008
3540176,24,4,1036
3540197,20,-4,1000
3540217,20,0,1024
3540237,24,0,1032
3540257,24,-8,1008
3540277,24,4,1028
3540298,20,8,1012
3540318,28,0,1012
3540338,20,0,1028
3540359,24,4,1012
3540379,16,0,1016
3540406,24,0,1004
3540420,12,-4,1016
3540440,20,0,1012
3540461,20,-4,992
3540481,16,4,1020
3540501,24,-4,1016
3540521,16,-8,1012
3540541,20,0,1020
3540562,28,0,1012
3540582,16,-4,1016
3540602,12,-4,1020
3540622,16,4,1000
3540644,20,0,1016
3540664,20,0,1004
3540790,20,-4,1016
3540794,20,-4,1016
3540798,20,-4,1016
3540802,20,-4,1016
3540806,24,0,1028
3540810,24,0,1028
3540814,24,0,1028
3540825,-272,1036,1964
3540846,208,-624,1684
3540866,-8,120,732
3540886,-96,612,304
3540907,436,-256,880
3540927,332,-44,1000
3540954,56,1660,692
3540967,216,796,-168
3540988,56,260,0
3541008,412,256,-132
3541028,396,592,44
3541049,-168,1348,80
3541069,-520,2036,-108
3541089,280,1056,564
3541110,968,316,1392
3541130,420,1116,1036
3541150,244,1260,352
3541171,-200,2040,516
3541191,300,1220,1116
3541214,428,1108,1228
3541231,264,1528,736
3541252,364,1180,356
3541272,240,1232,212
3541292,80,1388,228
3541313,80,1232,220
3541333,64,1280,256
3541353,96,1192,152
3541373,276,820,48
3541394,452,528,84
3541414,528,300,164
3541434,440,392,296
3541458,360,356,80
3541475,-52,1036,-40
3541495,-60,1020,-4
3541516,16,888,160
3541536,208,592,248
3541556,260,624,308
3541577,128,1028,336
3541597,56,1180,344
3541617,152,1076,288
3541637,192,1232,276
3541657,524,788,700
3541678,352,1068,1036
3541698,464,860,1012
3541722,492,712,708
3541739,488,568,488
3541759,400,552,484
3541780,508,376,336
3541800,16,1356,-148
3541820,340,1280,348
3541841,716,776,1332
3541861,900,552,1248
3541881,948,536,416
3541901,560,916,28
3541921,264,1316,148
3541942,-116,1868,236
3541970,-136,1652,-60
3541982,160,1360,200
3542003,2040,1492,448
3542023,924,172,-444
3542043,696,844,-524
3542063,444,1056,-492
3542083,332,1160,132
3542104,440,844,396
3542124,476,720,112
3542144,428,540,-292
3542165,340,696,-328
3542185,-40,1512,-104
3542214,100,1472,308
3542226,40,1560,572
3542246,224,1276,652
3542266,244,1296,404
3542287,452,1288,440
3542307,248,1632,568
3542327,412,1156,1008
3542348,472,808,880
3542368,268,964,192
3542388,-108,1336,-272
3542408,-80,1244,-208
3542429,60,848,-72
3542449,-132,1188,-132
3542474,28,776,-60
3542490,84,656,252
3542510,1104,1336,-2016
3542530,1756,832,-440
3542551,1948,84,116
3542571,-116,1996,-192
3542591,116,996,-720
3542612,-284,1052,120
3542632,372,1600,-2040
3542652,-588,1288,-568
3542673,328,700,-1468
3542702,48,348,-568
3542713,172,348,-780
3542733,52,480,-2016
3542753,108,312,-952
3542774,64,128,-884
3542794,-36,280,-780
3542814,172,96,-1064
3542835,-896,160,-1208
3542855,-16,56,-668
3542876,36,36,-1044
3542896,-176,24,-1316
3542916,108,-12,-632
3542937,-160,152,-1044
3542962,-624,216,-1020
3542977,-200,136,-1068
3542997,-176,80,-1028
3543017,-80,24,-940
3543038,-112,56,-992
3543058,-124,68,-980
3543078,-124,68,-1004
3543099,-100,60,-964
3543119,-116,52,-964
3543139,-116,52,-964
3543159,-124,60,-976
3543179,-120,64,-968
3543202,-112,60,-948
3543221,-108,44,-964
3543241,-104,48,-952
3543261,-120,56,-968
3543281,-100,44,-956
3543301,-104,40,-960
3543322,-104,32,-948
3543342,-104,40,-960
3543362,-104,28,-952
3543382,-96,24,-948
3543403,-108,32,-948
3543423,-108,40,-952
3543446,-112,40,-952
3543464,-108,28,-948
3543484,-100,24,-960
3543504,-100,24,-964
3543525,-116,20,-964
3543545,-112,28,-960
3543565,-108,28,-964
3543585,-120,24,-976
3543606,-124,20,-976
3543626,-120,20,-968
3543646,-116,28,-968
3543667,-120,28,-968
3543690,-124,24,-976
3543707,-120,36,-972
3543728,-124,28,-980
3543748,-124,24,-976
3543768,-120,24,-980
3543789,-124,28,-980
3543809,-116,36,-980
3543829,-120,32,-980
3543849,-124,24,-980
3543870,-120,32,-980
3543890,-116,28,-980
3543910,-124,28,-984
3543934,-128,24,-984
3543951,-124,32,-988
3543971,-116,32,-992
3543992,-120,40,-996
3544012,-120,40,-996
3544032,-132,28,-972
3544053,-104,48,-1004
3544073,-116,44,-988
3544093,-120,44,-1004
3544113,-120,52,-1024
3544133,-112,60,-1008
3544154,-116,56,-1008
3544178,-120,64,-1008
3544194,-120,56,-1020
3544215,-116,52,-1020
3544235,-124,64,-1024
3544255,-116,68,-1024
3544276,-128,84,-1032
3544296,-128,80,-1036
3544317,-124,84,-1032
3544337,-132,92,-1032
3544357,-136,92,-1032
3544377,-128,88,-1044
3544397,-132,92,-1048
3544422,-128,96,-1040
3544438,-132,100,-1052
3544458,-140,100,-1056
3544479,-124,112,-1052
3544499,-132,108,-1072
3544520,-140,108,-1056
3544540,-128,112,-1060
3544560,-128,124,-1056
3544580,-132,112,-1056
3544600,-136,112,-1060
3544621,-132,112,-1048
3544754,-128,112,-1048
3544758,-128,112,-1048
3544762,-128,108,-1044
3544766,-132,108,-1044
3544770,-132,108,-1044
3544774,-132,108,-1044
3544778,-132,108,-1044
3544784,-128,108,-1048
3544804,-124,112,-1048
3544824,-132,108,-1044
3544844,-124,112,-1048
3544866,-124,104,-1044
3544884,-132,108,-1032
3544905,-120,104,-1028
3544925,-124,100,-1032
3544945,-120,88,-1016
3544966,-124,100,-1012
3544986,-124,92,-1016
3545006,-124,92,-1024
3545026,-132,96,-1020
3545047,-116,96,-1008
3545067,-124,84,-1004
3545087,-124,84,-996
3545108,-116,72,-996
3545128,-124,84,-992
3545148,-112,68,-996
3545169,-128,76,-992
3545189,-124,76,-976
3545209,-120,72,-988
3545229,-124,68,-984
3545250,-120,64,-976
3545270,-120,64,-976
3545290,-120,52,-972
3545311,-120,52,-968
3545331,-112,56,-964
3545354,-108,36,-956
3545372,-108,44,-964
3545392,-120,44,-964
3545412,-112,40,-964
3545433,-108,28,-956
3545453,-108,32,-956
3545473,-104,24,-960
3545493,-104,28,-952
3545514,-120,24,-948
3545534,-112,28,-952
3545554,-112,28,-956
3545575,-108,16,-956
3545598,-112,24,-960
3545615,-108,16,-948
3545636,-116,20,-956
3545656,-116,28,-956
3545676,-108,16,-960
3545696,-116,24,-956
3545717,-116,8,-964
3545737,-124,16,-968
3545757,-116,16,-968
3545777,-120,24,-972
3545798,-120,20,-976
3545818,-116,16,-984
3545842,-140,12,-988
3545859,-120,8,-984
3545879,-120,12,-980
3545900,-124,12,-988
3545920,-124,12,-1000
3545940,-116,16,-992
3545961,-116,16,-992
3545981,-120,20,-1004
3546001,-124,12,-996
3546021,-120,24,-988
3546041,-116,16,-988
3546062,-124,12,-996
3546086,-116,20,-992
3546102,-128,28,-1000
3546123,-116,24,-996
3546144,-116,24,-1004
3546164,-112,20,-1008
3546184,-112,36,-1000
3546204,-112,32,-1008
3546224,-120,44,-1016
3546244,-116,52,-1016
3546264,-120,44,-1016
3546285,-116,56,-1020
3546305,-124,56,-1028
3546330,-124,60,-1028
3546346,-124,68,-1024
3546366,-120,68,-1024
3546386,-128,80,-1024
3546407,-120,80,-1036
3546427,-132,80,-1040
3546447,-124,84,-1044
3546468,-132,92,-1064
3546488,-128,92,-1052
3546508,-128,92,-1056
3546529,-132,96,-1056
3546549,-128,96,-1048
3546574,-128,92,-1052
3546589,-132,96,-1056
3546610,-132,96,-1052
3546630,-128,100,-1056
3546650,-132,100,-1064
3546671,-132,104,-1060
3546691,-128,100,-1052
3546711,-128,108,-1052
3546732,-120,104,-1052
3546752,-132,96,-1048
3546772,-128,108,-1044
3546798,-132,104,-1048
3546813,-136,108,-1048
3546833,-132,104,-1044
3546853,-128,96,-1040
3546873,-132,100,-1040
3546894,-136,100,-1056
3546914,-132,104,-1036
3546934,-128,108,-1040
3546955,-120,96,-1040
3546975,-120,100,-1028
3546996,-124,96,-1032
3547018,-128,92,-1024
3547036,-124,88,-1024
3547057,-124,92,-1036
3547077,-128,96,-1040
3547097,-124,92,-1028
3547117,-132,96,-1028
3547137,-124,92,-1020
3547158,-124,84,-1000
3547178,-120,80,-996
3547198,-124,72,-984
3547219,-116,68,-988
3547239,-128,64,-984
3547262,-116,76,-976
3547280,-112,64,-976
3547300,-120,72,-976
3547321,-120,64,-976
3547341,-120,64,-976
3547361,-120,60,-972
3547381,-112,48,-968
3547401,-108,52,-964
3547421,-116,44,-960
3547442,-104,32,-948
3547462,-116,32,-952
3547482,-108,32,-952
3547506,-104,32,-948
3547523,-100,28,-936
3547544,-112,36,-952
3547563,-108,40,-944
3547584,-100,20,-948
3547604,-108,28,-956
3547624,-112,20,-948
3547645,-104,16,-948
3547665,-116,24,-956
3547685,-112,12,-952
3547706,-108,16,-956
3547726,-100,16,-948
3547754,-108,20,-956
3547766,-116,12,-956
3547787,-108,8,-968
3547807,-108,8,-960
3547827,-116,20,-964
3547848,-112,8,-960
3547868,-116,4,-952
3547888,-112,20,-968
3547909,-116,12,-976
3547929,-112,16,-984
3547949,-116,12,-980
3547969,-120,4,-980
3547990,-108,8,-984
3548014,-112,4,-968
3548030,-108,4,-980
3548051,-112,4,-984
3548071,-116,12,-984
3548091,-112,-4,-980
3548112,-104,16,-996
3548132,-112,8,-988
3548152,-116,12,-992
3548173,-112,24,-1004
3548193,-112,16,-1004
3548213,-112,20,-992
3548233,-104,20,-1004
3548258,-104,20,-996
3548274,-116,24,-1008
3548294,-116,36,-1016
3548315,-120,36,-1008
3548335,-120,44,-1016
3548355,-108,48,-1016
3548376,-124,48,-1020
3548396,-120,52,-1012
3548416,-128,56,-1020
3548437,-128,56,-1032
3548457,-136,60,-1028
3548477,-128,60,-1028
3548606,-132,88,-1064
3548610,-132,88,-1064
3548614,-132,88,-1064
3548618,-132,88,-1064
3548622,-136,92,-1060
3548626,-136,92,-1060
3548630,-136,92,-1060
3548640,-144,96,-1060
3548660,-136,108,-1068
3548680,-144,92,-1064
3548701,-140,96,-1060
3548730,-144,96,-1064
3548741,-136,96,-1060
3548761,-136,104,-1064
3548781,-132,104,-1064
3548802,-136,100,-1060
3548822,-136,108,-1060
3548842,-136,104,-1060
3548863,-140,104,-1060
3548883,-140,108,-1052
3548903,-140,108,-1056
3548923,-132,108,-1048
3548943,-140,108,-1048
3548966,-132,108,-1044
3548985,-132,104,-1040
3549004,-132,104,-1044
3549025,-128,104,-1044
3549045,-128,108,-1052
3549065,-136,108,-1044
3549086,-132,104,-1040
3549106,-124,100,-1028
3549126,-124,88,-1016
3549147,-132,88,-1012
3549167,-124,84,-1008
3549190,-124,84,-1012
3549207,-124,72,-1016
3549228,-128,76,-1008
3549248,-124,84,-1004
3549268,-124,72,-1008
3549289,-124,76,-976
3549309,-124,64,-976
3549329,-120,56,-984
3549350,-124,64,-976
3549370,-116,64,-984
3549390,-128,60,-988
3549411,-116,56,-984
3549434,-116,48,-980
3549451,-120,48,-972
3549471,-116,40,-968
3549492,-104,36,-960
3549512,-108,28,-948
3549532,-104,24,-960
3549553,-100,32,-952
3549573,-104,16,-944
3549593,-104,24,-936
3549613,-108,32,-956
3549634,-100,12,-952
3549654,-96,24,-952
3549678,-100,12,-944
3549695,-100,16,-952
3549715,-104,20,-940
3549735,-112,20,-944
3549756,-108,24,-952
3549776,-108,8,-968
3549796,-108,12,-952
3549817,-116,20,-968
3549837,-112,12,-964
3549857,-116,12,-960
3549877,-108,20,-964
3549898,-116,16,-964
3549922,-116,8,-972
3549938,-120,8,-972
3549959,-116,20,-972
3549979,-116,16,-984
3549999,-124,4,-984
3550019,-124,20,-980
3550040,-120,4,-988
3550061,-120,8,-988
3550081,-116,8,-980
3550101,-116,12,-988
3550121,-120,12,-996
3550141,-116,12,-996
3550161,-108,12,-988
3550186,-112,4,-984
3550202,-120,4,-996
3550222,-104,4,-988
3550243,-116,8,-992
3550264,-112,16,-988
3550284,-112,20,-992
3550304,-112,20,-984
3550324,-112,16,-996
3550344,-116,24,-1004
3550364,-120,20,-996
3550385,-116,24,-1000
3550405,-124,32,-1004
3550430,-112,32,-1008
3550445,-124,36,-1012
3550466,-128,52,-1016
3550486,-136,52,-1024
3550506,-124,64,-1020
3550527,-132,72,-1028
3550547,-140,68,-1036
3550567,-132,68,-1044
3550588,-144,80,-1036
3550608,-140,84,-1036
3550628,-132,76,-1056
3550649,-140,84,-1048
3550674,-132,84,-1056
3550689,-136,84,-1056
3550709,-140,88,-1052
3550730,-136,100,-1052
3550750,-136,88,-1052
3550770,-140,88,-1052
3550791,-140,96,-1056
3550811,-132,88,-1056
3550831,-136,96,-1056
3550852,-132,92,-1060
3550872,-136,88,-1052
3550898,-132,92,-1052
3550913,-132,104,-1056
3550933,-132,100,-1052
3550953,-132,108,-1048
3550973,-136,100,-1056
3550994,-128,104,-1052
3551014,-132,100,-1052
3551034,-128,96,-1048
3551055,-132,92,-1048
3551075,-136,100,-1044
3551095,-128,88,-1044
3551115,-132,84,-1040
3551138,-128,92,-1028
3551156,-124,96,-1044
3551177,-124,88,-1028
3551197,-128,88,-1032
3551217,-124,88,-1028
3551237,-132,84,-1028
3551257,-124,80,-1024
3551278,-124,84,-1020
3551298,-128,80,-1016
3551318,-132,80,-1004
3551339,-128,76,-996
3551362,-124,76,-984
3551380,-128,64,-988
3551400,-124,60,-976
3551420,-120,68,-980
3551440,-124,56,-972
3551460,-116,64,-976
3551480,-112,60,-960
3551501,-124,48,-968
3551521,-120,52,-956
3551541,-116,48,-972
3551562,-120,48,-964
3551582,-108,44,-952
3551610,-112,36,-960
3551623,-112,36,-956
3551643,-104,32,-956
3551663,-104,36,-952
3551684,-104,28,-956
3551704,-108,28,-948
3551724,-104,28,-948
3551745,-104,12,-952
3551765,-108,20,-944
3551785,-100,16,-960
3551805,-108,8,-956
3551826,-108,20,-960
3551846,-100,12,-960
3551870,-104,20,-964
3551887,-112,12,-964
3551907,-116,12,-960
3551927,-112,12,-968
3551948,-112,8,-960
3551968,-108,20,-964
3551988,-116,8,-964
3552009,-112,24,-964
3552029,-116,12,-968
3552049,-116,12,-976
3552069,-120,12,-980
3552089,-124,8,-980
3552114,-116,8,-996
3552130,-120,8,-976
3552150,-120,8,-972
3552171,-120,8,-992
3552191,-116,12,-984
3552211,-120,4,-984
3552231,-112,8,-976
3552252,-124,4,-988
3552273,-124,8,-992
3552293,-116,8,-992
3552313,-120,8,-988
3552333,-116,12,-996
3552353,-108,12,-996
3552494,-128,36,-1020
3552498,-120,36,-1008
3552502,-120,36,-1008
3552506,-120,36,-1008
3552510,-120,36,-1008
3552514,-120,36,-1008
3552518,-120,36,-1012
3552522,-120,36,-1012
3552536,-124,44,-1020
3552556,-132,52,-1024
3552577,-124,60,-1028
3552606,-128,68,-1020
3552617,-136,64,-1032
3552637,-128,56,-1036
3552658,-124,60,-1032
3552678,-128,60,-1032
3552698,-132,64,-1048
3552719,-124,68,-1044
3552739,-136,76,-1048
3552759,-136,80,-1052
3552779,-140,80,-1052
3552800,-140,84,-1056
3552820,-140,84,-1056
3552846,-128,80,-1060
3552860,-140,80,-1064
3552881,-136,92,-1068
3552901,-140,88,-1060
3552921,-136,92,-1060
3552942,-128,88,-1064
3552962,-136,84,-1048
3552982,-128,84,-1060
3553003,-128,96,-1048
3553023,-124,96,-1044
3553043,-132,100,-1052
3553064,-136,88,-1052
3553086,-136,88,-1048
3553104,-136,104,-1048
3553125,-132,88,-1048
3553145,-132,100,-1048
3553165,-124,92,-1044
3553185,-124,92,-1044
3553206,-136,96,-1044
3553226,-132,88,-1040
3553246,-128,88,-1020
3553267,-124,72,-1024
3553287,-132,84,-1020
3553310,-128,76,-1012
3553328,-124,72,-1012
3553348,-128,76,-1024
3553368,-128,76,-1012
3553389,-128,72,-1008
3553409,-128,76,-1008
3553429,-124,72,-992
3553449,-128,72,-1000
3553469,-116,72,-992
3553490,-120,68,-992
3553510,-120,56,-988
3553530,-128,56,-988
3553554,-116,64,-980
3553571,-120,56,-972
3553592,-120,56,-972
3553612,-112,52,-972
3553632,-116,48,-980
3553652,-116,48,-964
3553672,-116,48,-964
3553693,-112,40,-964
3553713,-116,32,-960
3553733,-100,12,-952
3553754,-104,24,-948
3553774,-108,12,-956
3553798,-108,12,-948
3553815,-112,24,-956
3553835,-116,28,-948
3553856,-112,8,-948
3553876,-108,16,-948
3553896,-112,16,-952
3553917,-120,20,-956
3553937,-108,8,-952
3553957,-120,16,-968
3553977,-108,8,-968
3553997,-116,8,-952
3554017,-116,20,-960
3554038,-112,20,-964
3554058,-120,12,-964
3554078,-120,12,-972
3554098,-120,8,-972
3554119,-124,12,-972
3554139,-120,8,-976
3554159,-120,16,-984
3554180,-124,0,-984
3554200,-128,4,-992
3554220,-128,16,-976
3554241,-120,0,-976
3554261,-120,-4,-984
3554281,-120,4,-980
3554306,-120,4,-984
3554322,-120,0,-988
3554342,-116,12,-984
3554363,-116,4,-980
3554383,-112,0,-988
3554403,-112,8,-984
3554423,-108,8,-992
3554444,-108,-4,-988
3554464,-120,4,-984
3554484,-112,16,-992
3554505,-112,8,-1000
3554525,-112,20,-992
3554545,-120,16,-992
3554565,-120,20,-1004
3554586,-112,32,-1008
3554606,-116,28,-1008
3554626,-128,36,-1004
3554647,-128,44,-1020
3554667,-132,48,-1016
3554688,-128,52,-1020
3554708,-128,56,-1024
3554728,-128,56,-1028
3554748,-128,64,-1032
3554768,-132,64,-1036
3554794,-136,68,-1028
3554809,-132,64,-1040
3554829,-136,72,-1036
3554850,-128,68,-1044
3554870,-128,72,-1056
3554890,-140,80,-1052
3554911,-140,72,-1056
3554931,-136,76,-1052
3554952,-136,80,-1056
3554972,-132,76,-1060
3554992,-136,88,-1060
3555013,-132,80,-1060
3555038,-140,100,-1048
3555053,-140,88,-1044
3555073,-136,88,-1056
3555093,-136,84,-1060
3555113,-132,96,-1064
3555134,-132,88,-1056
3555154,-124,84,-1056
3555174,-128,92,-1052
3555195,-136,96,-1048
3555216,-132,96,-1048
3555236,-128,92,-1044
3555266,-128,76,-1044
3555277,-128,84,-1040
3555297,-124,84,-1036
3555317,-124,84,-1040
3555337,-132,76,-1040
3555357,-128,84,-1036
3555377,-132,80,-1032
3555398,-132,88,-1036
3555418,-124,84,-1036
3555438,-132,80,-1024
3555458,-120,76,-1024
3555479,-128,76,-1024
3555502,-132,76,-1024
3555519,-128,64,-1008
3555540,-132,64,-996
3555560,-128,64,-1004
3555580,-128,64,-984
3555601,-120,64,-980
3555621,-116,56,-980
3555641,-128,48,-976
3555661,-120,56,-976
3555682,-124,52,-980
3555702,-128,56,-976
3555722,-120,48,-976
3555746,-124,40,-960
3555763,-116,48,-964
3555783,-108,32,-956
3555804,-112,16,-952
3555824,-104,32,-960
3555844,-108,20,-952
3555865,-112,20,-944
3555885,-112,24,-948
3555905,-112,28,-956
3555925,-108,24,-956
3555946,-108,20,-948
3555966,-116,24,-948
3555990,-100,8,-944
3556007,-100,12,-956
3556027,-116,16,-952
3556047,-112,12,-952
3556068,-108,8,-968
3556088,-116,4,-956
3556108,-120,12,-964
3556129,-112,12,-964
3556149,-112,8,-964
3556169,-112,4,-972
3556189,-116,0,-968
3556209,-116,8,-976
3556230,-116,4,-972
3556358,-120,-4,-980
3556362,-120,-4,-980
3556366,-120,-4,-980
3556370,-120,-4,-980
3556374,-120,4,-976
3556378,-120,4,-976
3556382,-120,4,-976
3556393,-120,0,-984
3556413,-116,4,-980
3556433,-120,0,-984
3556453,-116,4,-980
3556473,-120,4,-984
3556502,-124,0,-1000
3556514,-112,0,-992
3556534,-120,0,-1000
3556555,-116,8,-992
3556575,-116,8,-992
3556596,-116,12,-992
3556616,-108,12,-992
3556636,-112,8,-1000
3556656,-108,12,-996
3556676,-124,24,-1004
3556696,-116,20,-1012
3556717,-124,24,-1004
3556737,-124,32,-1024
3556762,-124,28,-1028
3556778,-116,28,-1028
3556798,-124,44,-1024
3556818,-128,44,-1016
3556838,-132,48,-1028
3556859,-136,52,-1032
3556879,-128,48,-1028
3556899,-136,64,-1040
3556920,-128,60,-1044
3556940,-136,64,-1044
3556960,-132,68,-1060
3556986,-140,72,-1052
3557001,-132,72,-1060
3557021,-136,80,-1060
3557041,-140,80,-1056
3557062,-144,76,-1060
3557082,-136,84,-1052
3557102,-136,80,-1060
3557123,-140,80,-1068
3557143,-136,88,-1056
3557163,-136,84,-1060
3557184,-140,84,-1052
3557204,-136,80,-1060
3557230,-140,80,-1060
3557245,-136,76,-1056
3557265,-140,92,-1052
3557285,-132,80,-1056
3557305,-136,88,-1044
3557326,-136,84,-1052
3557346,-128,76,-1048
3557366,-128,88,-1048
3557387,-132,88,-1048
3557407,-132,84,-1032
3557428,-136,84,-1044
3557448,-124,88,-1028
3557468,-128,76,-1032
3557488,-128,72,-1032
3557509,-132,84,-1032
3557529,-128,76,-1036
3557549,-120,76,-1020
3557569,-124,76,-1032
3557590,-128,76,-1024
3557610,-132,68,-1016
3557630,-132,64,-1020
3557650,-124,64,-1012
3557671,-124,72,-1004
3557698,-128,56,-996
3557712,-132,64,-996
3557732,-128,56,-992
3557752,-128,60,-996
3557773,-124,56,-988
3557793,-120,48,-984
3557813,-120,48,-980
3557833,-120,48,-976
3557853,-116,32,-972
3557874,-116,36,-964
3557894,-112,28,-956
3557914,-112,28,-960
3557942,-120,24,-968
3557955,-120,28,-956
3557976,-112,32,-956
3557996,-112,28,-956
3558016,-104,20,-952
3558037,-100,16,-940
3558057,-108,8,-940
3558077,-112,24,-956
3558097,-108,24,-944
3558117,-120,24,-944
3558138,-120,12,-948
3558158,-116,12,-952
3558178,-112,16,-960
3558202,-112,16,-956
3558220,-116,4,-956
3558239,-112,8,-964
3558259,-116,4,-964
3558280,-112,12,-956
3558300,-112,12,-960
3558320,-116,8,-972
3558341,-112,0,-980
3558361,-120,4,-980
3558381,-124,8,-984
3558401,-116,-4,-964
3558422,-116,0,-976
3558446,-112,0,-980
3558462,-124,4,-988
3558483,-124,-4,-976
3558503,-120,-4,-980
3558523,-112,4,-988
3558544,-120,0,-984
3558564,-108,8,-984
3558584,-116,4,-980
3558605,-116,4,-980
3558625,-112,0,-976
3558645,-108,-4,-980
3558665,-116,0,-984
3558686,-104,4,-984
3558710,-112,0,-984
3558726,-112,12,-984
3558746,-112,16,-988
3558767,-116,12,-988
3558787,-120,8,-992
3558808,-128,24,-988
3558828,-124,20,-1000
3558848,-112,16,-1004
3558869,-120,28,-1004
3558889,-132,28,-996
3558909,-124,32,-1012
3558929,-128,36,-1016
3558954,-132,36,-1020
3558970,-132,48,-1020
3558990,-132,40,-1020
3559010,-136,52,-1024
3559031,-140,52,-1040
3559051,-136,60,-1032
3559071,-140,56,-1044
3559092,-136,60,-1036
3559112,-136,64,-1048
3559133,-136,68,-1048
3559153,-144,68,-1048
3559173,-152,64,-1056
3559193,-132,60,-1048
3559213,-132,64,-1044
3559234,-128,68,-1056
3559254,-140,72,-1044
3559274,-136,72,-1056
3559295,-128,76,-1052
3559315,-140,80,-1060
3559336,-136,72,-1064
3559356,-136,76,-1064
3559376,-132,84,-1056
3559397,-140,80,-1060
3559422,-136,80,-1052
3559437,-132,76,-1060
3559457,-128,84,-1052
3559477,-136,84,-1048
3559498,-136,76,-1044
3559518,-132,80,-1048
3559538,-132,76,-1044
3559559,-132,80,-1048
3559579,-140,84,-1040
3559600,-136,72,-1032
3559619,-124,72,-1040
3559639,-124,84,-1032
3559662,-132,80,-1040
3559680,-128,80,-1036
3559700,-128,76,-1032
3559721,-128,72,-1028
3559741,-132,80,-1020
3559761,-128,76,-1004
3559782,-128,72,-1000
3559802,-128,68,-992
3559822,-120,60,-988
3559842,-132,64,-992
3559863,-124,60,-992
3559883,-124,68,-992
3559906,-124,60,-996
3559924,-124,56,-996
3559944,-128,56,-980
3559964,-116,40,-976
3559985,-116,44,-968
3560005,-124,40,-964
3560025,-112,40,-956
3560045,-120,40,-956
3560066,-120,40,-960
3560086,-124,28,-956
3560106,-116,28,-956
3560127,-116,28,-964
3560262,-116,4,-960
3560266,-116,4,-960
3560270,-116,4,-948
3560274,-116,4,-948
3560278,-116,4,-948
3560282,-116,4,-948
3560286,-116,4,-948
3560290,-116,8,-968
3560309,-108,8,-952
3560330,-112,0,-952
3560350,-108,0,-952
3560370,-116,4,-960
3560391,-120,4,-964
3560414,-116,-4,-964
3560431,-112,0,-968
3560452,-120,4,-968
3560472,-116,0,-968
3560492,-124,8,-972
3560513,-116,4,-972
3560533,-116,0,-984
3560553,-120,4,-980
3560573,-112,0,-984
3560593,-112,0,-976
3560614,-116,4,-980
3560634,-112,-4,-980
3560658,-112,-8,-968
3560675,-120,-4,-980
3560695,-116,-4,-984
3560716,-116,-4,-988
3560736,-116,4,-988
3560756,-112,-8,-988
3560777,-112,0,-980
3560797,-108,0,-992
3560817,-108,0,-988
3560837,-116,0,-992
3560857,-116,4,-992
3560877,-104,4,-992
3560898,-112,4,-996
3560922,-112,8,-1004
3560939,-116,12,-996
3560959,-120,16,-996
3560979,-124,12,-1004
3560999,-116,20,-1008
3561019,-112,20,-1004
3561040,-124,28,-1000
3561060,-132,36,-1012
3561080,-124,32,-1008
3561101,-132,36,-1024
3561121,-136,52,-1036
3561141,-136,52,-1040
3561166,-144,68,-1040
3561182,-144,72,-1044
3561202,-140,60,-1044
3561223,-144,64,-1044
3561243,-136,68,-1036
3561263,-136,60,-1040
3561283,-140,56,-1052
3561304,-136,72,-1040
3561324,-136,72,-1056
3561345,-140,72,-1056
3561365,-140,68,-1056
3561394,-148,68,-1068
3561405,-140,72,-1060
3561426,-136,76,-1060
3561446,-140,68,-1056
3561466,-132,72,-1048
3561487,-140,72,-1052
3561507,-128,76,-1056
3561527,-136,72,-1048
3561548,-136,80,-1052
3561568,-132,80,-1056
3561588,-140,80,-1048
3561608,-124,76,-1052
3561634,-140,84,-1036
3561649,-136,72,-1048
3561669,-128,80,-1040
3561689,-128,72,-1036
3561710,-132,76,-1044
3561730,-132,80,-1044
3561750,-124,72,-1048
3561771,-128,72,-1032
3561791,-128,76,-1040
3561812,-132,76,-1024
3561832,-128,68,-1020
3561852,-124,64,-1004
3561878,-132,72,-1012
3561893,-132,64,-1020
3561913,-132,68,-1020
3561933,-132,64,-1012
3561953,-132,60,-1004
3561974,-132,64,-996
3561994,-124,64,-992
3562014,-132,52,-996
3562035,-124,56,-984
3562055,-128,48,-988
3562076,-124,44,-976
3562102,-120,48,-984
3562116,-120,44,-960
3562137,-120,44,-968
3562157,-116,40,-960
3562177,-120,32,-952
3562197,-120,28,-956
3562217,-116,24,-956
3562237,-112,20,-952
3562258,-104,24,-952
3562278,-116,28,-952
3562298,-116,24,-956
3562318,-112,16,-956
3562339,-104,20,-952
3562362,-112,16,-952
3562380,-112,20,-952
3562400,-112,16,-952
3562420,-108,8,-956
3562440,-116,12,-956
3562461,-120,8,-960
3562481,-112,8,-964
3562501,-112,0,-960
3562522,-120,8,-964
3562542,-124,-4,-964
3562562,-124,8,-952
3562582,-124,4,-964
3562606,-120,0,-972
3562623,-116,8,-968
3562643,-116,-4,-972
3562664,-116,0,-980
3562684,-120,0,-972
3562704,-120,-4,-976
3562724,-116,0,-980
3562745,-116,4,-984
3562765,-112,4,-976
3562785,-112,4,-976
3562806,-116,0,-976
3562826,-112,0,-976
3562846,-112,0,-976
3562870,-104,-4,-980
3562887,-108,0,-984
3562907,-112,0,-980
3562928,-112,-4,-984
3562948,-116,4,-988
3562968,-112,0,-980
3562989,-112,8,-996
3563009,-116,8,-992
3563029,-120,12,-988
3563049,-108,8,-1000
3563070,-120,12,-992
3563090,-108,16,-1000
3563118,-124,16,-1000
3563131,-116,24,-1008
3563151,-124,28,-1008
3563171,-124,32,-1016
3563192,-124,36,-1020
3563212,-132,32,-1028
3563232,-128,44,-1032
3563253,-128,48,-1036
3563273,-132,48,-1032
3563293,-128,52,-1040
3563313,-128,48,-1040
3563333,-136,52,-1048
3563358,-140,52,-1056
3563374,-136,60,-1040
3563394,-140,64,-1052
3563415,-140,68,-1056
3563435,-136,68,-1052
3563455,-132,68,-1060
3563476,-132,68,-1060
3563496,-136,72,-1060
3563517,-140,68,-1064
3563537,-140,76,-1056
3563557,-136,76,-1064
3563577,-136,76,-1064
3563602,-136,76,-1052
3563618,-136,72,-1060
3563638,-136,72,-1052
3563658,-144,72,-1056
3563679,-132,64,-1052
3563700,-132,72,-1048
3563720,-136,76,-1044
3563740,-136,76,-1060
3563760,-132,76,-1048
3563780,-132,80,-1044
3563800,-132,80,-1044
3563826,-136,76,-1044
3563841,-128,72,-1044
3563861,-132,84,-1032
3563881,-132,80,-1040
3563902,-132,68,-1028
3563922,-132,68,-1020
3563942,-132,76,-1016
3563963,-132,76,-1012
3563983,-132,60,-1008
3564003,-132,72,-1008
3564023,-136,68,-1008
3564044,-132,72,-1008
3564170,-128,48,-980
3564174,-128,48,-980
3564178,-128,48,-980
3564182,-128,48,-980
3564186,-128,40,-980
3564190,-128,40,-980
3564194,-128,40,-980
3564206,-128,48,-964
3564227,-120,40,-972
3564247,-120,44,-972
3564267,-128,36,-976
3564288,-116,40,-972
3564310,-116,32,-964
3564328,-120,28,-960
3564348,-120,28,-964
3564369,-116,28,-960
3564389,-108,24,-956
3564409,-124,20,-956
3564429,-108,4,-956
3564450,-108,4,-956
3564470,-112,12,-960
3564490,-108,8,-960
3564511,-116,8,-952
3564531,-108,12,-952
3564558,-108,8,-944
3564572,-108,4,-956
3564592,-124,0,-964
3564612,-112,0,-972
3564633,-116,8,-968
3564653,-116,0,-972
3564673,-116,8,-980
3564693,-124,4,-964
3564714,-120,4,-972
3564734,-120,0,-976
3564754,-124,0,-976
3564775,-120,0,-984
3564795,-116,-4,-984
3564818,-120,-4,-988
3564836,-116,0,-984
3564856,-120,0,-980
3564876,-112,-4,-980
3564896,-120,-8,-988
3564917,-112,0,-984
3564937,-120,0,-976
3564957,-116,-8,-988
3564978,-112,-12,-984
3564998,-120,0,-984
3565018,-108,0,-984
3565039,-112,-4,-980
3565059,-104,4,-976
3565082,-104,4,-988
3565100,-120,0,-992
3565120,-116,12,-988
3565141,-116,12,-988
3565161,-124,4,-992
3565181,-112,12,-984
3565201,-116,12,-988
3565221,-116,16,-996
3565241,-112,8,-1000
3565262,-120,28,-1008
3565282,-120,32,-1004
3565302,-124,32,-1020
3565326,-136,44,-1020
3565344,-144,48,-1024
3565364,-132,48,-1040
3565384,-140,64,-1044
3565404,-140,56,-1024
3565424,-136,52,-1044
3565444,-136,52,-1032
3565465,-132,48,-1048
3565485,-144,56,-1052
3565505,-136,52,-1048
3565525,-136,72,-1052
3565546,-140,64,-1052
3565566,-136,64,-1056
3565586,-144,72,-1060
3565607,-140,68,-1052
3565627,-140,72,-1060
3565647,-136,64,-1056
3565668,-136,68,-1048
3565688,-132,64,-1056
3565708,-144,76,-1060
3565729,-128,68,-1060
3565749,-132,76,-1060
3565769,-132,76,-1052
3565794,-136,72,-1056
3565810,-136,64,-1060
3565830,-132,72,-1056
3565850,-128,76,-1052
3565871,-132,76,-1044
3565891,-132,68,-1048
3565911,-132,72,-1048
3565932,-132,84,-1044
3565952,-128,68,-1040
3565972,-140,64,-1040
3565993,-140,68,-1048
3566013,-128,72,-1036
3566038,-132,68,-1036
3566053,-136,72,-1028
3566074,-132,68,-1028
3566094,-132,68,-1032
3566114,-132,60,-1024
3566135,-132,64,-1016
3566155,-132,60,-1016
3566175,-132,64,-1008
3566196,-128,56,-996
3566216,-128,56,-996
3566236,-132,56,-976
3566257,-120,56,-980
3566282,-124,48,-988
3566297,-128,52,-988
3566317,-124,56,-988
3566337,-128,40,-980
3566358,-124,44,-964
3566378,-128,36,-964
3566399,-128,36,-956
3566419,-116,32,-960
3566439,-120,28,-952
3566460,-120,20,-952
3566480,-112,28,-956
3566500,-116,16,-948
3566526,-120,20,-960
3566541,-116,16,-960
3566561,-112,4,-956
3566581,-104,12,-948
3566601,-116,20,-952
3566622,-120,12,-952
3566642,-116,16,-956
3566662,-112,0,-956
3566683,-116,4,-964
3566704,-116,0,-964
3566724,-120,0,-948
3566744,-116,8,-960
3566770,-108,-4,-972
3566785,-112,-4,-968
3566805,-112,-4,-968
3566825,-116,-8,-964
3566845,-108,-4,-964
3566865,-116,0,-972
3566886,-120,-8,-964
3566906,-116,-8,-972
3566926,-112,-8,-976
3566946,-116,-8,-980
3566967,-116,0,-972
3566987,-112,0,-968
3567007,-112,-4,-984
3567030,-116,-8,-976
3567048,-116,-4,-976
3567068,-108,-8,-984
3567088,-112,-8,-976
3567109,-120,-8,-980
3567129,-108,-12,-968
3567149,-120,8,-988
3567170,-112,-8,-984
3567190,-112,-4,-988
3567210,-116,8,-992
3567231,-108,-4,-988
3567251,-120,0,-992
3567274,-116,12,-992
3567292,-128,4,-996
3567312,-124,20,-996
3567332,-120,24,-1012
3567353,-124,20,-1004
3567373,-132,32,-1012
3567393,-136,20,-1020
3567413,-132,32,-1020
3567434,-128,44,-1024
3567454,-136,36,-1040
3567474,-136,44,-1032
3567495,-140,52,-1040
3567518,-136,48,-1044
3567535,-144,48,-1044
3567556,-136,52,-1040
3567576,-136,48,-1036
3567596,-136,52,-1052
3567617,-140,64,-1048
3567637,-140,56,-1056
3567657,-136,76,-1060
3567677,-128,68,-1068
3567697,-136,68,-1060
3567718,-140,76,-1052
3567746,-136,64,-1064
3567758,-140,64,-1060
3567779,-140,68,-1044
3567799,-128,72,-1052
3567820,-136,64,-1064
3567840,-132,76,-1060
3567860,-136,80,-1052
3567881,-140,76,-1056
3567901,-136,72,-1064
3567921,-128,76,-1048
3567941,-136,68,-1048
3567961,-140,76,-1044
3568098,-128,68,-1032
3568102,-128,68,-1032
3568106,-132,68,-1028
3568110,-132,68,-1028
3568114,-132,68,-1028
3568118,-132,68,-1028
3568122,-132,68,-1028
3568126,-124,72,-1032
3568145,-132,60,-1016
3568165,-136,72,-1032
3568185,-132,56,-1028
3568205,-136,60,-1020
3568230,-136,60,-1020
3568246,-132,64,-1008
3568266,-136,56,-1012
3568286,-128,56,-1012
3568307,-120,56,-1000
3568327,-120,48,-992
3568348,-124,44,-984
3568368,-128,48,-988
3568388,-120,44,-980
3568408,-128,48,-980
3568428,-120,40,-984
3568449,-120,32,-968
3568469,-124,32,-972
3568489,-120,36,-956
3568509,-124,32,-960
3568530,-120,32,-960
3568550,-112,20,-960
3568570,-116,16,-956
3568591,-124,20,-948
3568612,-116,12,-952
3568632,-108,12,-944
3568652,-112,8,-960
3568672,-112,4,-948
3568693,-112,4,-952
3568718,-104,12,-944
3568733,-112,4,-956
3568753,-112,4,-956
3568773,-104,-4,-960
3568793,-112,-4,-952
3568814,-120,-4,-952
3568834,-116,12,-964
3568854,-116,12,-956
3568875,-120,16,-956
3568895,-120,8,-968
3568915,-108,0,-956
3568936,-116,-4,-976
3568958,-108,-8,-960
3568976,-120,-12,-976
3568997,-112,-4,-972
3569017,-116,-4,-984
3569037,-116,-12,-972
3569058,-116,-8,-980
3569078,-112,-8,-976
3569098,-116,-8,-972
3569119,-120,-4,-980
3569139,-120,-4,-992
3569159,-116,0,-980
3569179,-120,-4,-972
3569206,-112,-4,-980
3569220,-112,-4,-984
3569240,-116,-8,-984
3569261,-112,-4,-980
3569281,-120,-12,-988
3569301,-116,-8,-980
3569321,-116,4,-984
3569342,-116,8,-996
3569362,-116,-4,-988
3569382,-124,16,-988
3569403,-120,12,-996
3569423,-116,8,-1000
3569444,-128,8,-1004
3569466,-124,20,-1000
3569484,-128,24,-1012
3569504,-124,36,-1024
3569524,-132,32,-1024
3569545,-132,32,-1020
3569565,-136,40,-1024
3569585,-132,44,-1024
3569606,-132,48,-1032
3569626,-136,48,-1032
3569646,-136,44,-1040
3569667,-140,48,-1040
3569694,-136,56,-1052
3569708,-140,52,-1044
3569728,-140,52,-1052
3569748,-128,60,-1048
3569769,-136,60,-1052
3569789,-140,56,-1056
3569809,-136,60,-1064
3569829,-140,80,-1052
3569849,-136,68,-1060
3569869,-140,68,-1060
3569890,-132,76,-1064
3569910,-144,60,-1056
3569934,-128,72,-1044
3569951,-128,84,-1072
3569972,-140,68,-1052
3569992,-136,76,-1060
3570012,-124,76,-1056
3570033,-124,60,-1064
3570053,-132,76,-1064
3570073,-136,68,-1056
3570093,-128,76,-1032
3570113,-128,72,-1048
3570133,-128,56,-1052
3570154,-136,72,-1048
3570178,-132,72,-1036
3570194,-140,80,-1048
3570215,-124,60,-1044
3570235,-128,72,-1040
3570256,-128,60,-1040
3570276,-136,52,-1040
3570297,-132,64,-1024
3570316,-124,68,-1028
3570337,-132,60,-1016
3570357,-132,60,-1020
3570377,-132,60,-1016
3570406,-124,56,-988
3570418,-128,64,-992
3570438,-128,44,-988
3570458,-136,52,-980
3570478,-124,44,-992
3570499,-128,56,-988
3570519,-124,52,-984
3570539,-128,48,-984
3570560,-132,40,-968
3570580,-124,40,-964
3570600,-120,28,-968
3570621,-128,24,-964
3570650,-120,32,-960
3570661,-120,32,-968
3570681,-124,28,-968
3570702,-120,28,-960
3570722,-112,20,-952
3570742,-112,16,-952
3570763,-116,12,-956
3570783,-112,12,-952
3570803,-120,12,-952
3570824,-116,4,-956
3570844,-120,16,-956
3570864,-116,12,-952
3570885,-116,4,-956
3570910,-112,0,-956
3570925,-116,4,-956
3570945,-112,4,-948
3570966,-112,4,-952
3570986,-112,0,-956
3571006,-108,4,-956
3571027,-120,0,-968
3571047,-120,4,-964
3571067,-108,-12,-960
3571088,-124,-4,-960
3571108,-120,0,-968
3571128,-116,0,-964
3571158,-128,0,-964
3571169,-120,-8,-964
3571189,-116,-4,-980
3571209,-124,0,-972
3571230,-120,-12,-976
3571250,-120,-8,-976
3571270,-120,-4,-972
3571290,-116,-12,-980
3571311,-128,-8,-980
3571331,-116,-8,-984
3571352,-120,-12,-988
3571372,-120,-8,-980
3571402,-112,-8,-992
3571413,-116,-8,-992
3571433,-108,-4,-984
3571453,-112,-12,-984
3571473,-116,-12,-980
3571494,-116,0,-992
3571514,-116,-4,-988
3571534,-124,4,-992
3571555,-116,12,-996
3571575,-116,4,-1000
3571595,-120,8,-988
3571615,-120,24,-1000
3571636,-128,16,-992
3571658,-124,12,-992
3571677,-120,16,-1008
3571697,-124,16,-1004
3571717,-128,24,-1016
3571737,-128,28,-1016
3571757,-132,32,-1016
3571778,-132,40,-1028
3571798,-132,40,-1028
3571818,-132,32,-1040
3571839,-136,32,-1028
3571860,-132,44,-1036
3571986,-140,40,-1052
3571990,-140,40,-1052
3571994,-140,40,-1052
3571998,-140,40,-1052
3572002,-144,52,-1060
3572006,-144,52,-1060
3572010,-144,52,-1060
3572021,-140,52,-1060
3572042,-144,52,-1072
3572062,-136,52,-1060
3572082,-128,56,-1052
3572103,-136,68,-1052
3572126,-132,60,-1052
3572144,-128,60,-1048
3572164,-132,60,-1044
3572183,-132,68,-1052
3572204,-136,56,-1052
3572224,-128,60,-1040
3572244,-136,68,-1036
3572265,-124,64,-1036
3572285,-132,72,-1024
3572305,-136,68,-1036
3572326,-136,60,-1036
3572346,-132,76,-1040
3572370,-132,64,-1044
3572387,-132,60,-1028
3572407,-132,64,-1024
3572427,-124,64,-1024
3572448,-128,64,-1024
3572468,-132,64,-1024
3572488,-132,60,-1020
3572509,-128,56,-1020
3572529,-120,52,-1016
3572549,-128,60,-1008
3572569,-128,56,-1004
3572598,-128,60,-1016
3572610,-120,60,-992
3572630,-132,56,-992
3572651,-128,52,-996
3572671,-132,52,-988
3572691,-120,48,-992
3572711,-124,44,-980
3572732,-120,40,-968
3572752,-124,44,-972
3572773,-116,36,-968
3572793,-120,40,-980
3572813,-128,44,-976
3572842,-128,32,-972
3572854,-116,28,-960
3572874,-116,24,-956
3572894,-116,20,-964
3572915,-116,24,-960
3572935,-116,12,-948
3572955,-112,20,-952
3572976,-116,16,-960
3572996,-120,24,-972
3573016,-116,8,-948
3573036,-112,8,-956
3573057,-116,4,-964
3573077,-116,8,-964
3573102,-108,4,-964
3573117,-124,8,-952
3573138,-120,0,-972
3573158,-116,0,-964
3573178,-128,-8,-976
3573199,-116,-4,-988
3573219,-116,-4,-984
3573240,-120,-4,-976
3573260,-120,-4,-964
3573280,-120,0,-972
3573301,-124,0,-972
3573321,-120,0,-980
3573350,-120,0,-976
3573361,-120,-16,-980
3573381,-112,4,-980
3573402,-116,-4,-968
3573422,-124,-12,-976
3573442,-124,4,-980
3573463,-124,-8,-984
3573483,-112,-4,-976
3573504,-116,-4,-976
3573524,-116,-8,-968
3573544,-112,-16,-976
3573565,-112,-8,-976
3573594,-116,-4,-980
3573605,-120,-4,-980
3573625,-120,0,-988
3573645,-120,-8,-984
3573666,-108,4,-996
3573686,-120,4,-988
3573706,-120,-4,-984
3573726,-116,8,-992
3573747,-112,8,-1000
3573767,-116,0,-996
3573787,-124,24,-1004
3573808,-124,16,-1012
3573828,-128,12,-1012
3573854,-132,24,-1008
3573868,-128,24,-1016
3573889,-124,16,-1008
3573909,-128,32,-1020
3573929,-120,36,-1028
3573950,-132,32,-1032
3573970,-136,44,-1040
3573990,-128,44,-1036
3574011,-140,40,-1040
3574031,-132,44,-1044
3574051,-132,48,-1040
3574078,-132,48,-1048
3574092,-136,40,-1052
3574112,-136,52,-1060
3574132,-136,56,-1064
3574153,-140,56,-1068
3574173,-144,60,-1056
3574193,-132,60,-1064
3574214,-140,68,-1064
3574234,-140,52,-1064
3574254,-136,56,-1064
3574275,-132,56,-1064
3574295,-136,64,-1064
3574318,-136,64,-1072
3574336,-132,60,-1056
3574356,-136,56,-1056
3574376,-128,64,-1048
3574397,-132,60,-1052
3574417,-132,60,-1040
3574437,-128,64,-1048
3574457,-136,64,-1044
3574477,-136,56,-1048
3574498,-132,60,-1036
3574518,-132,64,-1032
3574538,-136,68,-1036
3574562,-132,60,-1044
3574579,-124,64,-1036
3574600,-132,68,-1028
3574620,-124,68,-1016
3574640,-124,60,-1024
3574661,-128,56,-1024
3574681,-124,60,-1020
3574701,-132,52,-1012
3574721,-120,60,-1020
3574741,-132,52,-1008
3574762,-128,60,-1008
3574790,-124,60,-1012
3574802,-128,60,-992
3574823,-124,52,-992
3574843,-128,56,-988
3574864,-124,48,-996
3574884,-132,56,-984
3574904,-124,40,-984
3574925,-120,44,-976
3574945,-124,52,-976
3574965,-116,44,-964
3574985,-120,32,-972
3575005,-120,40,-964
3575034,-120,36,-964
3575046,-116,40,-964
3575066,-120,32,-956
3575087,-112,24,-956
3575107,-120,24,-956
3575128,-124,16,-956
3575148,-120,20,-956
3575168,-120,20,-964
3575188,-120,24,-968
3575208,-112,16,-952
3575229,-112,16,-964
3575249,-120,4,-964
3575269,-120,0,-972
3575294,-120,4,-968
3575310,-124,0,-968
3575330,-116,-4,-964
3575350,-116,8,-968
3575371,-120,0,-964
3575391,-116,4,-956
3575411,-120,12,-972
3575431,-116,0,-972
3575452,-112,8,-976
3575472,-108,12,-972
3575492,-112,12,-988
3575513,-100,-12,-960
3575538,-120,4,-968
3575553,-136,-4,-976
3575574,-104,-4,-968
3575594,-132,-4,-996
3575614,-120,-8,-976
3575635,-120,4,-984
3575655,-120,0,-968
3575675,-124,4,-972
3575696,-116,-12,-976
3575716,-124,-4,-976
3575736,-116,0,-964
3575757,-120,-4,-980
3575777,-120,-4,-984
3575919,-120,4,-984
3575922,-120,4,-984
3575926,-120,4,-984
3575930,-120,4,-984
3575934,-120,4,-984
3575938,-120,4,-984
3575942,-104,4,-1004
3575946,-104,4,-1004
3575960,-120,12,-1000
3575980,-116,12,-1008
3576000,-128,24,-1016
3576021,-128,28,-1016
3576046,-120,28,-996
3576061,-128,12,-1012
3576081,-120,28,-1028
3576101,-132,28,-1020
3576122,-124,36,-1032
3576142,-132,48,-1048
3576162,-136,48,-1048
3576183,-140,56,-1052
3576203,-136,52,-1048
3576224,-128,40,-1048
3576244,-132,40,-1056
3576264,-132,48,-1060
3576286,-136,44,-1044
3576305,-140,60,-1064
3576325,-136,52,-1060
3576345,-136,52,-1064
3576365,-140,60,-1048
3576385,-132,60,-1060
3576406,-136,52,-1060
3576426,-132,56,-1056
3576446,-136,64,-1048
3576467,-132,56,-1060
3576488,-132,60,-1056
3576510,-132,64,-1040
3576528,-136,76,-1040
3576549,-132,68,-1052
3576569,-136,64,-1060
3576589,-140,64,-1048
3576609,-132,60,-1028
3576629,-132,76,-1044
3576649,-136,60,-1036
3576670,-136,60,-1032
3576690,-132,60,-1024
3576710,-124,68,-1024
3576730,-128,76,-1040
3576754,-132,56,-1032
3576771,-128,60,-1012
3576791,-124,68,-1020
3576812,-124,64,-1012
3576832,-128,60,-1004
3576852,-128,56,-1000
3576873,-132,52,-1008
3576893,-128,64,-1012
3576913,-132,60,-1004
3576933,-124,52,-988
3576954,-120,48,-984
3576974,-128,48,-980
3576998,-124,52,-996
3577015,-120,44,-992
3577035,-136,48,-984
3577055,-124,48,-980
3577076,-116,44,-956
3577096,-124,36,-984
3577116,-104,28,-948
3577137,-120,20,-960
3577157,-124,32,-976
3577177,-120,28,-960
3577197,-128,16,-968
3577218,-104,32,-940
3577242,-128,20,-980
3577258,-116,12,-956
3577279,-112,8,-960
3577299,-112,4,-956
3577319,-116,16,-964
3577340,-124,8,-964
3577360,-116,12,-952
3577380,-112,16,-960
3577401,-116,-8,-972
3577421,-112,0,-960
3577441,-116,4,-972
3577461,-116,-8,-964
3577486,-120,4,-968
3577502,-120,0,-972
3577522,-120,-4,-948
3577543,-132,0,-992
3577563,-120,-16,-972
3577583,-132,-12,-972
3577604,-120,-4,-972
3577624,-120,-8,-976
3577644,-128,-16,-968
3577665,-116,-16,-960
3577685,-120,-8,-960
3577705,-120,-8,-952
3577734,-132,-12,-972
3577745,-128,-4,-956
3577766,-120,12,-972
3577786,-96,-8,-976
3577806,-132,-12,-968
3577827,-104,-24,-984
3577847,-108,-16,-984
3577868,-120,-8,-972
3577888,-124,-4,-984
3577908,-120,4,-992
3577929,-128,0,-992
3577949,-124,-4,-996
3577969,-116,-16,-992
3577989,-116,0,-1004
3578009,-124,0,-992
3578030,-128,12,-992
3578050,-132,16,-1004
3578070,-124,16,-1000
3578091,-132,12,-1008
3578111,-124,20,-1008
3578132,-124,8,-1012
3578152,-136,20,-1016
3578172,-136,12,-1024
3578193,-132,24,-1016
3578222,-140,44,-1032
3578233,-132,44,-1032
3578253,-144,44,-1044
3578273,-136,56,-1032
3578294,-132,52,-1028
3578314,-136,44,-1048
3578334,-136,52,-1040
3578355,-136,52,-1040
3578375,-136,56,-1044
3578395,-148,60,-1056
3578415,-140,72,-1056
3578435,-144,60,-1048
3578458,-136,60,-1052
3578476,-136,64,-1060
3578496,-140,60,-1052
3578517,-132,64,-1064
3578537,-140,68,-1060
3578557,-132,68,-1064
3578578,-136,64,-1060
3578598,-140,68,-1060
3578618,-132,60,-1052
3578639,-132,68,-1064
3578659,-132,64,-1056
3578679,-128,60,-1052
3578702,-140,64,-1056
3578720,-140,68,-1056
3578740,-136,56,-1056
3578760,-116,60,-1040
3578781,-144,64,-1052
3578801,-128,60,-1032
3578821,-140,64,-1060
3578841,-124,76,-1032
3578862,-136,60,-1040
3578882,-132,64,-1036
3578903,-128,52,-1024
3578930,-140,64,-1032
3578943,-128,52,-1020
3578963,-132,48,-1024
3578984,-124,64,-1020
3579004,-128,48,-1008
3579024,-136,48,-1016
3579045,-116,44,-1000
3579065,-128,36,-1000
3579085,-128,32,-992
3579105,-128,44,-996
3579126,-132,28,-980
3579146,-128,36,-972
3579170,-128,32,-988
3579187,-128,24,-968
3579207,-124,32,-972
3579227,-120,40,-964
3579248,-128,24,-964
3579268,-124,16,-960
3579288,-120,20,-952
3579309,-120,8,-964
3579329,-124,12,-956
3579349,-116,24,-948
3579369,-120,20,-944
3579390,-116,12,-952
3579418,-116,0,-952
3579430,-108,4,-944
3579451,-116,8,-948
3579471,-128,4,-952
3579491,-108,4,-948
3579511,-116,4,-956
3579532,-116,-8,-964
3579552,-116,0,-952
3579573,-112,-4,-956
3579593,-116,-8,-964
3579613,-112,-8,-948
3579633,-124,-8,-952
3579653,-108,-12,-956
3579786,-116,-12,-964
3579790,-116,-12,-964
3579794,-116,-12,-964
3579798,-104,-12,-968
3579802,-104,-12,-968
3579806,-104,-12,-968
3579810,-104,-12,-968
3579816,-124,-16,-976
3579836,-116,-16,-980
3579856,-128,-8,-988
3579877,-116,-12,-980
3579897,-112,-16,-976
3579917,-120,-16,-976
3579938,-116,-16,-976
3579958,-124,-12,-976
3579978,-116,-12,-984
3579999,-120,-16,-984
3580020,-120,-8,-988
3580040,-120,-4,-988
3580060,-116,-8,-988
3580080,-116,0,-992
3580100,-112,-8,-988
3580120,-124,-4,-984
3580150,-116,0,-1000
3580161,-124,16,-1012
3580181,-128,12,-1008
3580201,-124,4,-996
3580222,-116,8,-1008
3580242,-124,4,-1012
3580262,-128,20,-1012
3580283,-128,32,-1028
3580303,-136,32,-1024
3580323,-136,28,-1032
3580344,-132,44,-1032
3580364,-144,40,-1032
3580394,-132,40,-1044
3580405,-140,44,-1044
3580425,-136,40,-1040
3580445,-140,52,-1048
3580465,-144,52,-1052
3580486,-144,60,-1048
3580506,-144,60,-1052
3580526,-140,52,-1044
3580547,-132,60,-1052
3580567,-132,56,-1060
3580587,-136,64,-1064
3580608,-132,60,-1060
3580630,-132,64,-1068
3580648,-136,64,-1064
3580669,-144,64,-1060
3580689,-136,72,-1056
3580709,-144,64,-1060
3580729,-136,56,-1056
3580750,-136,60,-1056
3580770,-132,68,-1060
3580790,-128,64,-1048
3580811,-136,68,-1056
3580831,-124,68,-1056
3580851,-136,64,-1052
3580874,-124,68,-1052
3580892,-128,72,-1040
3580912,-136,60,-1036
3580932,-136,60,-1040
3580952,-132,72,-1032
3580973,-132,64,-1036
3580993,-128,60,-1036
3581013,-136,52,-1040
3581034,-128,60,-1024
3581054,-140,60,-1024
3581074,-128,52,-1004
3581098,-124,44,-980
3581115,-128,36,-1000
3581136,-124,44,-996
3581156,-136,48,-1016
3581176,-132,48,-996
3581197,-124,36,-988
3581217,-128,40,-980
3581237,-116,20,-976
3581257,-120,24,-972
3581277,-120,20,-972
3581298,-124,32,-980
3581318,-120,24,-972
3581346,-124,24,-980
3581359,-124,24,-964
3581379,-120,16,-964
3581400,-116,12,-960
3581420,-112,16,-952
3581440,-116,8,-952
3581461,-116,12,-956
3581481,-120,16,-948
3581501,-116,12,-952
3581521,-116,0,-948
3581541,-120,8,-948
3581561,-116,0,-956
3581582,-112,4,-952
3581606,-124,-8,-956
3581622,-120,0,-952
3581643,-116,0,-960
3581663,-116,-4,-960
3581683,-112,-4,-956
3581703,-116,0,-960
3581724,-128,-8,-964
3581744,-124,0,-972
3581764,-116,-8,-968
3581785,-112,-12,-968
3581805,-116,-8,-964
3581825,-124,-8,-960
3581850,-120,-8,-980
3581866,-124,-12,-976
3581886,-116,-12,-976
3581907,-124,-20,-976
3581927,-120,-12,-976
3581947,-120,-12,-980
3581968,-116,-16,-976
3581988,-120,-16,-980
3582008,-120,-24,-980
3582028,-120,-20,-984
3582049,-112,-8,-992
3582069,-124,-16,-992
3582094,-116,-12,-976
3582110,-112,-12,-988
3582130,-124,-16,-980
3582150,-112,-12,-996
3582171,-120,-4,-992
3582191,-120,-4,-996
3582211,-128,0,-996
3582232,-116,0,-996
3582252,-120,8,-996
3582272,-120,-4,-992
3582293,-116,0,-1008
3582313,-116,8,-1012
3582338,-128,20,-1008
3582353,-132,24,-1020
3582373,-124,32,-1020
3582394,-144,28,-1028
3582414,-132,28,-1032
3582434,-132,40,-1024
3582455,-140,40,-1032
3582475,-140,44,-1032
3582496,-136,52,-1048
3582516,-132,40,-1044
3582536,-140,52,-1044
3582557,-140,56,-1044
3582582,-140,56,-1056
3582597,-144,48,-1052
3582617,-140,60,-1052
3582637,-128,60,-1064
3582658,-136,68,-1056
3582678,-136,56,-1056
3582698,-136,64,-1064
3582719,-136,56,-1060
3582739,-136,64,-1052
3582760,-128,68,-1060
3582780,-140,60,-1052
3582810,-140,64,-1064
3582821,-132,64,-1056
3582841,-132,64,-1052
3582861,-136,64,-1056
3582881,-132,64,-1052
3582901,-128,72,-1052
3582922,-136,64,-1052
3582942,-132,60,-1052
3582962,-128,60,-1056
3582983,-136,64,-1048
3583003,-124,64,-1040
3583023,-132,64,-1036
3583046,-136,60,-1036
3583064,-136,52,-1036
3583084,-136,60,-1032
3583105,-136,64,-1036
3583125,-140,52,-1036
3583145,-132,48,-1024
3583165,-132,56,-1028
3583185,-128,44,-1008
3583206,-128,48,-1008
3583226,-128,44,-1000
3583246,-128,48,-1000
3583266,-128,48,-996
3583287,-136,40,-988
3583308,-116,36,-972
3583327,-128,36,-976
3583348,-124,40,-976
3583368,-128,32,-964
3583388,-128,28,-972
3583409,-120,20,-968
3583429,-120,28,-960
3583449,-124,24,-960
3583470,-128,24,-956
3583490,-124,24,-948
3583510,-124,20,-960
3583650,-120,8,-944
3583654,-124,8,-956
3583658,-124,8,-956
3583662,-124,8,-956
3583666,-124,8,-956
3583670,-124,8,-956
3583674,-120,4,-948
3583678,-120,4,-948
3583693,-116,0,-944
3583713,-120,-4,-956
3583733,-112,-4,-960
3583754,-116,0,-960
3583782,-108,-4,-948
3583794,-120,-8,-960
3583815,-124,-16,-968
3583835,-116,-12,-956
3583855,-120,-4,-968
3583876,-124,-12,-972
3583896,-120,-4,-968
3583916,-124,-12,-972
3583937,-128,-4,-968
3583957,-120,-4,-972
3583977,-116,-12,-976
3583997,-124,-8,-976
3584026,-120,-16,-976
3584038,-116,-8,-972
3584058,-120,-20,-976
3584079,-120,-16,-968
3584099,-120,-16,-976
3584119,-124,-12,-980
3584139,-128,-16,-988
3584160,-124,-12,-984
3584180,-120,-16,-984
3584201,-112,-12,-988
3584221,-120,-8,-988
3584241,-112,-20,-992
3584266,-116,-12,-988
3584282,-120,0,-996
3584302,-120,-12,-996
3584322,-120,4,-1000
3584343,-116,-8,-996
3584363,-116,-4,-1004
3584384,-124,8,-1004
3584404,-124,8,-1008
3584424,-124,20,-1008
3584444,-136,32,-1012
3584465,-128,24,-1016
3584485,-132,24,-1024
3584510,-136,28,-1024
3584525,-132,24,-1028
3584545,-128,28,-1024
3584566,-144,36,-1036
3584586,-140,40,-1036
3584606,-140,36,-1036
3584627,-144,44,-1036
3584648,-140,52,-1044
3584668,-136,52,-1044
3584688,-132,52,-1052
3584709,-140,56,-1056
3584729,-144,60,-1064
3584754,-140,56,-1052
3584769,-140,64,-1068
3584789,-148,64,-1060
3584809,-132,56,-1056
3584830,-140,56,-1060
3584850,-136,64,-1052
3584870,-148,64,-1056
3584891,-132,64,-1064
3584912,-144,64,-1052
3584932,-132,64,-1052
3584951,-136,60,-1060
3584974,-136,68,-1052
3584993,-132,64,-1060
3585012,-132,64,-1052
3585032,-132,60,-1052
3585053,-140,64,-1056
3585073,-136,60,-1044
3585093,-132,64,-1048
3585114,-136,64,-1048
3585134,-132,64,-1048
3585154,-132,64,-1040
3585175,-132,56,-1036
3585195,-132,60,-1032
3585218,-124,48,-1020
3585236,-128,52,-1024
3585256,-128,60,-1032
3585276,-132,52,-1024
3585297,-132,56,-1012
3585317,-128,48,-1004
3585337,-120,44,-996
3585357,-128,40,-1004
3585378,-128,52,-996
3585398,-128,44,-1000
3585418,-132,44,-1000
3585439,-136,36,-984
3585462,-128,28,-976
3585479,-120,40,-980
3585500,-120,36,-968
3585520,-124,28,-972
3585540,-120,36,-976
3585560,-120,32,-968
3585581,-124,20,-972
3585601,-116,20,-956
3585621,-124,20,-956
3585642,-124,4,-952
3585662,-120,4,-956
3585682,-112,0,-944
3585706,-124,4,-948
3585723,-124,12,-952
3585743,-124,8,-948
3585764,-120,8,-948
3585784,-112,4,-952
3585804,-124,0,-952
3585825,-116,-8,-956
3585845,-116,-8,-956
3585865,-112,0,-952
3585885,-116,-4,-956
3585905,-112,4,-960
3585926,-112,-4,-960
3585954,-112,-12,-968
3585967,-116,-4,-964
3585987,-116,-12,-968
3586007,-124,0,-968
3586028,-124,-12,-964
3586048,-120,-8,-968
3586068,-124,-12,-972
3586089,-120,-12,-980
3586109,-120,-8,-972
3586129,-124,-12,-988
3586149,-124,-20,-976
3586169,-124,-16,-984
3586198,-112,-20,-964
3586210,-120,-24,-972
3586230,-124,-12,-984
3586251,-116,-20,-976
3586271,-116,-20,-992
3586291,-120,-12,-976
3586312,-116,-12,-984
3586332,-116,-12,-984
3586353,-120,-12,-988
3586373,-112,-4,-988
3586393,-120,-12,-988
3586413,-120,-4,-992
3586438,-120,0,-996
3586453,-120,-4,-988
3586474,-124,8,-1008
3586494,-124,4,-1012
3586514,-128,4,-1004
3586535,-128,16,-1016
3586556,-124,12,-1008
3586576,-132,28,-1016
3586596,-132,28,-1012
3586616,-132,36,-1028
3586636,-132,32,-1020
3586657,-128,36,-1032
3586682,-148,40,-1036
3586697,-136,40,-1032
3586717,-136,32,-1032
3586738,-144,36,-1044
3586758,-132,48,-1048
3586778,-144,52,-1036
3586799,-136,52,-1048
3586819,-140,52,-1048
3586839,-132,56,-1052
3586859,-132,60,-1056
3586880,-136,56,-1060
3586900,-136,56,-1056
3586926,-136,56,-1056
3586941,-132,60,-1056
3586961,-136,60,-1056
3586981,-140,56,-1060
3587002,-140,64,-1064
3587022,-140,68,-1068
3587042,-136,68,-1064
3587062,-136,68,-1056
3587083,-128,68,-1064
3587103,-140,64,-1056
3587123,-136,60,-1048
3587146,-132,60,-1060
3587164,-136,64,-1040
3587184,-144,68,-1052
3587205,-128,56,-1048
3587225,-136,68,-1044
3587245,-140,64,-1036
3587265,-128,64,-1036
3587286,-128,52,-1040
3587306,-128,52,-1036
3587327,-144,60,-1040
3587347,-136,48,-1032
3587367,-128,48,-1020
3587498,-136,32,-992
3587502,-136,32,-992
3587506,-136,32,-992
3587510,-128,44,-1000
3587514,-128,44,-1000
3587518,-128,44,-1000
3587522,-128,44,-1000
3587529,-136,32,-984
3587550,-128,32,-976
3587570,-128,32,-980
3587590,-128,40,-968
3587611,-120,28,-976
3587634,-132,28,-972
3587651,-124,36,-976
3587672,-120,28,-960
3587692,-124,20,-964
3587712,-124,16,-972
3587733,-124,24,-964
3587753,-124,24,-964
3587773,-120,24,-956
3587793,-128,12,-964
3587814,-112,12,-956
3587834,-120,12,-956
3587854,-116,4,-964
3587878,-112,4,-960
3587895,-112,4,-956
3587915,-116,-4,-956
3587936,-120,-8,-952
3587956,-108,-8,-960
3587976,-120,-4,-956
3587997,-120,-4,-960
3588017,-116,-12,-956
3588037,-112,-12,-952
3588057,-120,-8,-960
3588078,-116,-8,-952
3588098,-120,-4,-968
3588122,-116,0,-956
3588139,-120,-8,-976
3588159,-120,-16,-980
3588179,-120,-16,-972
3588200,-120,-16,-968
3588220,-116,-20,-968
3588240,-120,-8,-972
3588261,-120,-16,-976
3588281,-116,-12,-976
3588301,-120,-24,-976
3588321,-116,-16,-976
3588341,-116,-24,-972
3588370,-116,-24,-984
3588382,-116,-8,-980
3588402,-112,-12,-980
3588422,-120,-24,-988
3588444,-124,-16,-980
3588464,-124,-16,-992
3588484,-116,-16,-996
3588505,-120,-8,-984
3588525,-108,-8,-992
3588545,-120,-12,-988
3588565,-132,-4,-996
3588585,-120,-8,-1004
3588610,-124,4,-1004
3588626,-136,12,-1008
3588646,-132,8,-1012
3588666,-128,12,-1004
3588687,-132,8,-1008
3588707,-124,20,-1004
3588727,-128,16,-1016
3588747,-136,16,-1020
3588768,-136,24,-1028
3588788,-136,36,-1036
3588808,-140,36,-1036
3588829,-136,48,-1040
3588854,-136,52,-1048
3588869,-136,48,-1040
3588889,-132,40,-1044
3588910,-140,40,-1052
3588930,-140,48,-1052
3588950,-136,52,-1044
3588971,-140,48,-1052
3588991,-140,52,-1048
3589011,-132,56,-1060
3589032,-132,52,-1056
3589052,-136,56,-1056
3589082,-136,56,-1068
3589093,-136,52,-1060
3589113,-140,56,-1060
3589133,-140,60,-1060
3589153,-132,60,-1060
3589174,-136,64,-1060
3589194,-136,68,-1048
3589214,-136,60,-1060
3589235,-140,60,-1060
3589255,-132,64,-1056
3589275,-136,56,-1056
3589296,-132,72,-1044
3589318,-132,64,-1048
3589336,-140,56,-1048
3589357,-136,60,-1044
3589377,-132,60,-1044
3589397,-128,52,-1036
3589417,-136,60,-1032
3589438,-132,56,-1040
3589458,-128,60,-1036
3589478,-136,60,-1040
3589499,-128,56,-1028
3589519,-132,56,-1032
3589539,-132,48,-1020
3589562,-136,44,-1000
3589580,-132,48,-1004
3589600,-140,48,-1004
3589621,-132,36,-1004
3589641,-124,48,-1012
3589661,-132,40,-1000
3589681,-132,44,-988
3589702,-128,40,-988
3589722,-128,32,-976
3589742,-116,28,-980
3589763,-128,32,-972
3589790,-132,28,-976
3589803,-124,20,-972
3589823,-124,20,-960
3589844,-116,16,-960
3589864,-112,12,-952
3589885,-120,4,-960
3589905,-120,12,-956
3589925,-124,16,-948
3589945,-120,16,-956
3589965,-120,12,-952
3589986,-120,0,-944
3590006,-120,4,-956
3590026,-116,4,-952
3590050,-112,0,-952
3590068,-120,0,-952
3590088,-120,4,-956
3590108,-124,0,-956
3590128,-124,0,-960
3590148,-112,0,-964
3590168,-120,-16,-960
3590189,-120,-12,-956
3590209,-116,-4,-960
3590229,-124,-12,-964
3590250,-120,-4,-968
3590270,-124,-12,-968
3590294,-120,-12,-976
3590311,-120,-20,-980
3590332,-116,-8,-976
3590352,-124,-16,-976
3590372,-116,-28,-972
3590392,-116,-12,-976
3590412,-120,-20,-968
3590432,-120,-16,-976
3590453,-124,-20,-976
3590473,-120,-16,-976
3590493,-124,-12,-984
3590513,-120,-16,-980
3590538,-116,-24,-980
3590554,-116,-16,-976
3590574,-116,-12,-980
3590595,-112,-24,-984
3590615,-120,-16,-984
3590635,-120,-4,-988
3590656,-112,-12,-988
3590676,-128,-12,-992
3590696,-124,-4,-984
3590717,-132,0,-992
3590737,-120,-4,-1000
3590757,-124,4,-996
3590782,-128,4,-996
3590798,-120,8,-1004
3590818,-128,12,-1020
3590838,-124,16,-1020
3590859,-132,20,-1024
3590879,-136,20,-1024
3590899,-136,24,-1032
3590920,-132,32,-1036
3590940,-140,32,-1032
3590960,-140,32,-1032
3590981,-140,44,-1048
3591001,-132,44,-1048
3591021,-140,48,-1052
3591041,-140,52,-1044
3591062,-136,44,-1032
3591082,-140,44,-1048
3591102,-140,44,-1044
3591123,-140,56,-1052
3591143,-140,52,-1056
3591164,-136,60,-1064
3591184,-144,52,-1060
3591204,-140,64,-1064
3591224,-144,68,-1064
3591358,-136,60,-1052
3591362,-136,60,-1052
3591366,-140,68,-1060
3591370,-140,68,-1060
3591374,-140,68,-1060
3591378,-140,68,-1060
3591382,-140,68,-1060
3591386,-132,68,-1036
3591407,-136,64,-1056
3591427,-132,64,-1052
3591448,-132,64,-1056
3591468,-136,68,-1052
3591494,-140,60,-1048
3591509,-128,56,-1044
3591529,-136,60,-1040
3591549,-136,56,-1032
3591569,-140,68,-1040
3591589,-132,60,-1036
3591610,-128,56,-1032
3591630,-132,56,-1032
3591650,-136,60,-1024
3591671,-132,48,-1004
3591692,-132,44,-1004
3591718,-132,40,-1008
3591732,-124,48,-996
3591752,-136,48,-1000
3591773,-132,40,-1004
3591793,-128,48,-996
3591813,-120,36,-992
3591833,-132,44,-980
3591853,-132,32,-988
3591874,-124,20,-976
3591894,-124,28,-976
3591914,-128,24,-984
3591935,-120,24,-968
3591962,-124,24,-968
3591976,-120,28,-960
3591996,-124,20,-952
3592016,-124,16,-952
3592037,-120,20,-968
3592057,-124,24,-956
3592077,-120,12,-948
3592097,-120,16,-948
3592117,-112,4,-948
3592138,-120,-4,-952
3592158,-112,-4,-956
3592178,-116,0,-952
3592198,-116,-4,-940
3592222,-116,4,-944
3592239,-116,-12,-944
3592259,-120,4,-956
3592280,-116,-12,-960
3592300,-128,-8,-964
3592320,-120,-12,-960
3592340,-124,-20,-968
3592361,-116,-12,-960
3592381,-120,-8,-960
3592401,-124,-12,-956
3592422,-120,-16,-964
3592442,-124,-24,-976
3592466,-116,-12,-976
3592483,-120,-16,-976
3592503,-124,-12,-980
3592523,-112,-20,-976
3592544,-120,-16,-972
3592564,-124,-20,-980
3592584,-116,-20,-984
3592605,-124,-20,-976
3592625,-124,-16,-992
3592645,-116,-24,-984
3592665,-120,-24,-988
3592694,-112,-20,-976
3592706,-116,-28,-980
3592726,-116,-28,-984
3592747,-124,-16,-980
3592767,-120,-8,-996
3592787,-120,-16,-988
3592808,-124,-12,-992
3592828,-124,-8,-988
3592848,-116,-4,-996
3592869,-116,-8,-988
3592889,-120,0,-996
3592909,-124,-4,-1008
3592934,-128,0,-1000
3592950,-132,16,-1012
3592970,-128,12,-1016
3592990,-128,24,-1020
3593010,-132,16,-1024
3593031,-140,20,-1024
3593051,-132,24,-1032
3593072,-132,24,-1036
3593092,-128,32,-1028
3593112,-136,40,-1048
3593133,-144,32,-1044
3593153,-140,48,-1056
3593178,-148,44,-1044
3593193,-132,48,-1048
3593213,-136,44,-1052
3593234,-140,56,-1056
3593254,-140,52,-1056
3593274,-140,56,-1060
3593295,-140,56,-1056
3593315,-140,56,-1060
3593335,-136,56,-1056
3593356,-136,64,-1052
3593376,-140,64,-1056
3593397,-132,56,-1056
3593422,-144,56,-1048
3593437,-136,64,-1060
3593457,-136,60,-1056
3593477,-140,68,-1060
3593498,-144,68,-1048
3593518,-136,64,-1056
3593538,-136,60,-1052
3593559,-128,52,-1044
3593580,-136,68,-1048
3593600,-140,60,-1056
3593620,-136,68,-1044
3593646,-140,68,-1052
3593661,-132,60,-1052
3593681,-132,64,-1044
3593701,-132,52,-1040
3593721,-128,52,-1040
3593741,-140,60,-1044
3593762,-140,52,-1032
3593782,-128,52,-1032
3593802,-136,60,-1024
3593823,-140,56,-1028
3593844,-140,48,-1028
3593864,-128,60,-1016
3593894,-132,48,-1012
3593904,-132,40,-996
3593925,-128,44,-988
3593945,-132,40,-984
3593965,-128,32,-976
3593985,-124,40,-976
3594005,-128,36,-972
3594025,-132,28,-984
3594046,-132,32,-976
3594066,-124,28,-972
3594086,-116,28,-972
3594107,-124,16,-964
3594130,-128,20,-952
3594147,-116,16,-960
3594167,-124,12,-960
3594188,-120,4,-956
3594208,-116,12,-952
3594228,-120,4,-936
3594249,-112,8,-956
3594269,-112,0,-948
3594289,-116,4,-944
3594310,-116,-4,-956
3594330,-120,0,-948
3594350,-116,0,-948
3594378,-120,-4,-948
3594391,-116,-8,-944
3594411,-116,-8,-960
3594431,-112,-4,-960
3594452,-116,-12,-960
3594472,-124,-8,-956
3594492,-124,-4,-968
3594513,-120,-12,-964
3594533,-120,-16,-964
3594553,-120,-16,-968
3594574,-120,-20,-964
3594594,-116,-16,-964
3594622,-128,-16,-976
3594635,-124,-20,-968
3594655,-124,-20,-980
3594675,-116,-16,-968
3594696,-116,-24,-972
3594716,-116,-16,-972
3594736,-108,-12,-968
3594756,-116,-24,-972
3594777,-120,-24,-980
3594797,-116,-24,-976
3594817,-116,-20,-984
3594838,-112,-20,-980
3594862,-112,-16,-980
3594878,-116,-20,-988
3594899,-116,-12,-992
3594919,-120,-20,-996
3594939,-116,-8,-996
3594960,-128,-12,-988
3594980,-120,-12,-988
3595000,-116,-8,-1004
3595021,-116,-4,-1004
3595041,-120,0,-1004
3595061,-124,-4,-1012
3595081,-128,4,-1012
3595210,-132,20,-1020
3595214,-132,20,-1020
3595218,-132,20,-1020
3595222,-132,20,-1020
3595226,-128,28,-1032
3595230,-128,28,-1032
3595234,-128,28,-1032
3595244,-136,28,-1040
3595264,-136,44,-1048
3595285,-144,44,-1044
3595305,-140,44,-1048
3595334,-136,48,-1056
3595345,-140,44,-1048
3595365,-144,52,-1068
3595386,-140,56,-1064
3595406,-144,68,-1060
3595426,-144,48,-1060
3595447,-128,52,-1064
3595467,-132,56,-1060
3595487,-136,56,-1056
3595508,-148,68,-1068
3595528,-144,68,-1060
3595549,-140,68,-1056
3595574,-128,80,-1052
3595589,-136,68,-1056
3595609,-132,56,-1052
3595629,-132,64,-1052
3595650,-136,68,-1052
3595670,-132,68,-1044
3595690,-136,60,-1044
3595711,-140,64,-1044
3595732,-144,68,-1044
3595752,-144,72,-1052
3595771,-140,60,-1044
3595792,-132,68,-1048
3595814,-132,64,-1036
3595832,-140,56,-1036
3595853,-140,64,-1024
3595873,-132,52,-1016
3595893,-132,68,-1028
3595914,-136,64,-1032
3595934,-136,56,-1016
3595954,-128,64,-1020
3595974,-132,56,-1024
3595995,-128,52,-1004
3596015,-136,44,-1000
3596042,-124,40,-996
3596055,-128,48,-992
3596076,-128,40,-1000
3596096,-128,40,-976
3596116,-128,40,-976
3596137,-128,28,-976
3596157,-132,24,-972
3596177,-124,24,-972
3596198,-128,24,-980
3596218,-120,32,-964
3596238,-124,28,-968
3596259,-120,20,-956
3596286,-116,12,-960
3596299,-120,0,-960
3596320,-120,-8,-952
3596340,-116,4,-940
3596360,-116,4,-948
3596381,-128,0,-948
3596401,-120,0,-952
3596421,-120,0,-956
3596441,-112,-4,-956
3596462,-120,-12,-956
3596482,-116,-12,-956
3596502,-120,-16,-948
3596523,-116,-8,-952
3596546,-124,-8,-936
3596563,-120,-8,-952
3596584,-124,-8,-964
3596604,-116,-12,-964
3596624,-116,-20,-964
3596645,-116,-20,-960
3596665,-112,-16,-964
3596685,-116,-20,-956
3596705,-116,-24,-956
3596726,-112,-20,-968
3596746,-120,-20,-972
3596766,-124,-32,-980
3596790,-112,-32,-976
3596807,-112,-20,-972
3596827,-108,-20,-976
3596848,-124,-16,-972
3596868,-116,-32,-976
3596888,-108,-28,-984
3596909,-112,-32,-984
3596929,-108,-32,-984
3596949,-108,-32,-984
3596969,-116,-24,-976
3596990,-112,-20,-980
3597014,-108,-28,-980
3597030,-104,-24,-984
3597051,-108,-24,-976
3597071,-104,-24,-992
3597091,-104,-16,-988
3597112,-116,-4,-992
3597132,-112,-4,-992
3597152,-124,12,-1000
3597173,-128,0,-1004
3597193,-120,0,-1008
3597213,-120,4,-1012
3597233,-124,8,-1008
3597258,-136,20,-1028
3597274,-136,32,-1032
3597294,-140,44,-1024
3597315,-136,40,-1024
3597335,-136,24,-1032
3597356,-136,28,-1040
3597376,-140,44,-1052
3597396,-148,44,-1040
3597417,-140,52,-1052
3597437,-148,60,-1052
3597457,-152,44,-1048
3597477,-140,52,-1048
3597502,-140,56,-1060
3597517,-148,60,-1048
3597538,-140,64,-1056
3597558,-144,60,-1056
3597578,-140,64,-1052
3597599,-148,72,-1060
3597620,-144,72,-1064
3597640,-148,72,-1060
3597660,-136,76,-1060
3597681,-152,76,-1056
3597701,-148,76,-1056
3597730,-148,76,-1056
3597741,-144,72,-1056
3597761,-152,80,-1056
3597781,-148,72,-1064
3597802,-148,76,-1060
3597822,-144,84,-1056
3597842,-140,76,-1060
3597863,-156,84,-1048
3597883,-140,72,-1056
3597903,-144,64,-1048
3597923,-144,76,-1056
3597944,-144,64,-1056
3597966,-152,68,-1040
3597985,-152,76,-1044
3598005,-144,76,-1036
3598025,-144,64,-1032
3598045,-148,68,-1036
3598065,-144,52,-1024
3598086,-140,48,-1012
3598106,-140,52,-1016
3598126,-136,52,-1004
3598147,-144,52,-1004
3598167,-140,52,-996
3598187,-136,44,-996
3598210,-128,36,-984
3598228,-136,44,-988
3598248,-136,36,-984
3598269,-136,36,-976
3598289,-132,28,-980
3598309,-128,24,-972
3598329,-124,20,-964
3598350,-128,12,-960
3598370,-124,12,-952
3598390,-124,4,-948
3598411,-120,8,-948
3598431,-116,12,-948
3598454,-112,0,-940
3598472,-112,-4,-952
3598492,-116,0,-940
3598512,-116,-4,-952
3598533,-116,0,-948
3598553,-112,-8,-948
3598573,-104,-12,-948
3598593,-104,-16,-948
3598614,-108,-16,-952
3598634,-104,-20,-952
3598654,-104,-16,-948
3598675,-104,-24,-948
3598702,-100,-16,-944
3598715,-100,-24,-956
3598736,-100,-24,-956
3598756,-104,-28,-960
3598776,-108,-28,-960
3598797,-112,-36,-972
3598817,-116,-36,-968
3598837,-104,-32,-968
3598857,-104,-28,-964
3598878,-108,-40,-976
3598898,-100,-36,-976
3598918,-116,-36,-956
3599058,-108,-40,-984
3599062,-116,-40,-976
3599066,-116,-40,-976
3599070,-116,-40,-976
3599074,-116,-40,-976
3599078,-116,-40,-976
3599082,-108,-24,-992
3599086,-108,-24,-992
3599101,-112,-24,-988
3599121,-108,-24,-980
3599141,-116,-20,-968
3599170,-100,-24,-992
3599182,-108,-28,-984
3599202,-108,-12,-984
3599223,-116,-12,-996
3599244,-116,0,-1000
3599264,-120,4,-1004
3599284,-136,0,-1008
3599304,-128,8,-1008
3599324,-128,12,-1016
3599344,-132,20,-1020
3599365,-136,24,-1020
3599385,-136,32,-1032
3599410,-148,40,-1024
3599426,-136,44,-1036
3599446,-136,36,-1040
3599466,-136,36,-1036
3599487,-144,44,-1040
3599508,-152,52,-1044
3599528,-144,52,-1048
3599548,-140,56,-1060
3599569,-148,56,-1044
3599589,-144,60,-1056
3599609,-148,68,-1052
3599629,-148,72,-1064
3599654,-144,76,-1068
3599669,-148,72,-1064
3599689,-148,68,-1068
3599710,-148,76,-1060
3599730,-148,84,-1064
3599751,-156,84,-1064
3599771,-160,76,-1060
3599791,-152,80,-1060
3599811,-144,84,-1064
3599832,-156,80,-1060
3599852,-152,84,-1060
3599882,-164,88,-1064
3599892,-152,76,-1060
3599913,-156,80,-1060
3599933,-152,76,-1052
3599953,-152,68,-1048
3599974,-156,76,-1048
3599994,-152,68,-1056
3600014,-148,64,-1044
3600035,-148,68,-1044
3600055,-152,72,-1052
3600075,-144,76,-1036
3600096,-152,68,-1036
3600118,-156,64,-1040
3600136,-148,56,-1024
3600157,-144,56,-1020
3600177,-148,56,-1024
3600197,-144,52,-1012
3600217,-136,48,-1004
3600238,-140,40,-1008
3600258,-144,44,-1000
3600278,-136,40,-996
3600299,-144,40,-984
3600319,-132,36,-984
3600339,-132,32,-972
3600362,-128,32,-972
3600380,-132,28,-980
3600400,-128,20,-968
3600420,-132,16,-960
3600441,-120,12,-964
3600461,-120,0,-948
3600481,-112,4,-944
3600502,-116,8,-948
3600522,-112,4,-944
3600542,-116,-4,-948
3600563,-120,-4,-948
3600583,-112,0,-944
3600606,-116,-8,-948
3600624,-108,-12,-944
3600644,-108,-8,-948
3600664,-112,-16,-952
3600685,-116,-12,-956
3600705,-104,-16,-944
3600725,-112,-20,-952
3600745,-108,-20,-956
3600765,-104,-24,-960
3600786,-96,-20,-956
3600806,-100,-28,-964
3600826,-104,-28,-956
3600854,-104,-32,-956
3600867,-104,-24,-964
3600888,-104,-32,-968
3600908,-104,-44,-968
3600928,-100,-40,-964
3600949,-112,-40,-964
3600969,-104,-40,-972
3600989,-100,-44,-968
3601009,-100,-40,-964
3601029,-104,-40,-976
3601050,-104,-44,-968
3601070,-108,-40,-972
3601094,-108,-36,-976
3601111,-108,-36,-976
3601131,-104,-36,-976
3601152,-100,-28,-976
3601172,-104,-28,-976
3601192,-100,-32,-972
3601213,-104,-24,-980
3601233,-112,-24,-980
3601253,-108,-16,-980
3601273,-116,-16,-992
3601293,-112,-16,-988
3601322,-120,-24,-996
3601334,-116,-4,-996
3601354,-116,0,-1004
3601375,-124,0,-996
3601395,-128,8,-1008
3601416,-136,12,-1000
3601435,-132,4,-1004
3601456,-128,16,-1016
3601476,-128,8,-1016
3601497,-132,16,-1020
3601516,-136,28,-1024
3601537,-136,32,-1028
3601566,-136,32,-1036
3601577,-140,52,-1040
3601598,-140,52,-1040
3601618,-140,44,-1044
3601638,-144,48,-1044
3601659,-132,40,-1048
3601679,-144,48,-1056
3601699,-144,56,-1056
3601720,-156,60,-1068
3601740,-148,60,-1052
3601760,-152,72,-1060
3601781,-144,72,-1064
3601806,-144,72,-1060
3601821,-152,68,-1064
3601841,-148,76,-1064
3601862,-152,80,-1068
3601882,-144,68,-1064
3601902,-148,76,-1064
3601923,-148,76,-1056
3601943,-156,80,-1060
3601963,-152,84,-1060
3601984,-156,68,-1060
3602004,-160,80,-1060
3602024,-156,68,-1052
3602050,-156,68,-1052
3602065,-156,72,-1060
3602085,-156,72,-1060
3602105,-156,72,-1052
3602126,-156,72,-1056
3602146,-152,68,-1052
3602166,-156,68,-1044
3602186,-148,60,-1040
3602207,-144,56,-1032
3602227,-148,60,-1024
3602248,-148,56,-1024
3602274,-144,44,-1024
3602288,-148,60,-1012
3602309,-140,48,-1016
3602329,-140,48,-1008
3602349,-144,56,-1012
3602369,-140,52,-1000
3602389,-140,48,-996
3602410,-140,36,-988
3602430,-136,36,-980
3602450,-136,28,-980
3602471,-136,32,-972
3602491,-132,28,-976
3602514,-128,20,-976
3602532,-132,28,-964
3602552,-132,20,-960
3602573,-128,8,-956
3602593,-132,12,-960
3602613,-120,8,-960
3602633,-112,12,-956
3602653,-120,4,-960
3602674,-116,0,-952
3602694,-116,4,-956
3602714,-108,-12,-956
3602735,-104,-8,-956
3602850,-104,-24,-944
3602866,-96,-24,-956
3602870,-96,-24,-956
3602874,-96,-24,-956
3602878,-100,-24,-956
3602882,-100,-24,-956
3602886,-100,-24,-956
3602897,-96,-28,-952
3602917,-96,-24,-960
3602938,-104,-32,-948
3602958,-104,-28,-956
3602978,-100,-28,-952
3603006,-108,-28,-968
3603019,-96,-28,-964
3603040,-104,-44,-968
3603060,-116,-32,-968
3603080,-100,-40,-972
3603101,-108,-36,-960
3603121,-96,-40,-964
3603141,-104,-36,-972
3603161,-104,-40,-968
3603181,-112,-44,-968
3603201,-104,-28,-972
3603222,-108,-44,-976
3603246,-108,-52,-976
3603263,-112,-40,-968
3603284,-104,-40,-972
3603303,-104,-32,-972
3603323,-108,-28,-976
3603343,-112,-28,-972
3603364,-108,-24,-980
3603384,-108,-24,-980
3603404,-116,-20,-980
3603425,-108,-12,-988
3603445,-112,-16,-992
3603465,-112,-12,-996
3603490,-116,0,-996
3603506,-128,0,-992
3603526,-128,8,-1000
3603547,-136,4,-1008
3603567,-124,4,-1008
3603587,-128,16,-1008
3603607,-132,20,-1020
3603628,-136,28,-1020
3603648,-136,28,-1016
3603669,-136,40,-1024
3603689,-144,48,-1040
3603709,-144,48,-1036
3603734,-144,56,-1040
3603750,-144,44,-1044
3603770,-144,64,-1048
3603790,-148,64,-1048
3603811,-144,60,-1052
3603831,-148,60,-1060
3603851,-148,64,-1068
3603872,-148,64,-1064
3603892,-148,68,-1064
3603912,-152,64,-1060
3603932,-140,68,-1052
3603962,-152,60,-1056
3603973,-152,76,-1060
3603993,-148,64,-1056
3604013,-148,72,-1060
3604034,-156,64,-1060
3604054,-152,80,-1056
3604074,-152,80,-1060
3604095,-156,80,-1060
3604115,-156,76,-1064
3604136,-148,72,-1060
3604156,-156,68,-1060
3604176,-156,76,-1068
3604202,-152,76,-1048
3604217,-160,80,-1056
3604237,-148,68,-1048
3604257,-152,64,-1044
3604277,-148,68,-1048
3604298,-148,64,-1052
3604318,-148,64,-1044
3604338,-148,60,-1040
3604359,-148,64,-1040
3604379,-144,52,-1024
3604400,-144,64,-1028
3604420,-148,44,-1024
3604446,-144,52,-1032
3604461,-148,52,-1020
3604481,-136,56,-1012
3604501,-144,48,-1012
3604521,-132,40,-1008
3604541,-136,36,-988
3604562,-132,36,-984
3604582,-128,28,-984
3604602,-124,24,-972
3604623,-132,28,-968
3604643,-128,32,-972
3604663,-132,20,-972
3604684,-132,16,-964
3604704,-124,20,-956
3604725,-124,4,-956
3604745,-116,4,-956
3604765,-120,0,-952
3604785,-116,0,-948
3604805,-116,8,-956
3604826,-120,0,-948
3604846,-112,-8,-944
3604866,-112,-8,-944
3604887,-112,-12,-944
3604907,-112,-12,-980
3604930,-120,0,-948
3604948,-124,-16,-952
3604968,-100,-20,-960
3604988,-100,-12,-956
3605008,-104,-20,-964
3605028,-100,-24,-956
3605049,-100,-28,-960
3605069,-100,-32,-960
3605089,-100,-36,-960
3605110,-104,-20,-956
3605130,-108,-28,-956
3605150,-100,-32,-968
3605174,-104,-28,-968
3605191,-104,-36,-972
3605211,-108,-40,-968
3605231,-108,-44,-968
3605252,-100,-36,-968
3605272,-104,-40,-972
3605292,-108,-44,-964
3605313,-100,-36,-964
3605333,-104,-36,-968
3605353,-108,-40,-968
3605374,-116,-40,-972
3605402,-112,-40,-980
3605414,-100,-36,-968
3605435,-108,-40,-976
3605455,-108,-28,-980
3605475,-104,-36,-972
3605496,-116,-32,-984
3605516,-120,-24,-984
3605536,-112,-16,-984
3605557,-108,-12,-988
3605577,-120,-8,-984
3605597,-124,-16,-988
3605617,-120,-16,-996
3605642,-112,-8,-992
3605658,-112,0,-1004
3605678,-124,0,-1004
3605699,-124,8,-1000
3605719,-136,8,-1016
3605739,-136,12,-1008
3605760,-136,12,-1024
3605780,-132,16,-1024
3605800,-132,24,-1032
3605821,-140,32,-1032
3605841,-140,32,-1028
3605861,-148,40,-1040
3605886,-152,36,-1048
3605901,-148,36,-1040
3605922,-136,40,-1040
3605942,-144,52,-1044
3605962,-148,52,-1052
3605983,-140,56,-1060
3606003,-156,56,-1060
3606024,-152,64,-1056
3606044,-156,68,-1068
3606064,-148,72,-1068
3606085,-148,68,-1072
3606114,-156,68,-1068
3606125,-156,64,-1064
3606145,-152,68,-1056
3606165,-156,72,-1064
3606186,-156,72,-1060
3606206,-156,64,-1068
3606226,-148,76,-1064
3606247,-152,80,-1060
3606267,-148,80,-1060
3606288,-152,80,-1056
3606308,-152,76,-1060
3606328,-152,68,-1056
3606354,-152,72,-1048
3606369,-148,68,-1048
3606389,-152,68,-1052
3606409,-152,64,-1048
3606429,-152,68,-1052
3606450,-148,64,-1036
3606470,-144,64,-1040
3606490,-144,64,-1044
3606511,-148,56,-1036
3606531,-152,68,-1044
3606552,-152,64,-1036
3606572,-156,60,-1020
3606710,-144,32,-996
3606714,-136,28,-996
3606718,-136,28,-996
3606722,-136,28,-996
3606726,-136,28,-996
3606730,-136,28,-996
3606734,-140,40,-1000
3606738,-140,40,-1000
3606754,-136,32,-996
3606775,-132,32,-980
3606795,-128,24,-968
3606816,-128,16,-968
3606838,-128,16,-964
3606856,-120,12,-964
3606877,-124,8,-960
3606897,-124,0,-960
3606917,-120,8,-956
3606937,-120,4,-956
3606957,-124,0,-948
3606978,-112,-8,-944
3606998,-112,-8,-952
3607018,-116,-12,-948
3607039,-104,-8,-952
3607059,-108,-16,-948
3607082,-116,-16,-936
3607099,-108,-20,-952
3607119,-108,-16,-952
3607141,-108,-12,-952
3607161,-104,-24,-956
3607181,-100,-32,-968
3607201,-104,-32,-956
3607221,-104,-32,-952
3607241,-112,-28,-956
3607262,-100,-32,-956
3607282,-104,-32,-968
3607302,-96,-44,-968
3607326,-92,-36,-968
3607343,-100,-40,-964
3607363,-108,-44,-968
3607383,-104,-40,-972
3607404,-112,-40,-972
3607424,-104,-48,-980
3607444,-100,-44,-976
3607465,-104,-40,-968
3607485,-100,-40,-976
3607505,-104,-32,-976
3607526,-108,-36,-976
3607546,-108,-40,-972
3607566,-108,-40,-972
3607586,-104,-32,-976
3607607,-108,-40,-968
3607627,-112,-24,-972
3607647,-116,-24,-980
3607668,-100,-24,-968
3607688,-116,-28,-976
3607708,-112,-32,-988
3607729,-116,-12,-984
3607749,-116,-16,-996
3607769,-108,-16,-992
3607794,-124,-4,-996
3607810,-120,0,-1008
3607830,-128,8,-1000
3607850,-132,16,-1012
3607871,-132,16,-1008
3607891,-132,20,-1016
3607911,-140,28,-1020
3607932,-136,24,-1032
3607952,-140,32,-1028
3607972,-136,36,-1040
3607993,-140,32,-1036
3608013,-140,40,-1044
3608038,-140,40,-1044
3608053,-140,44,-1048
3608074,-140,56,-1056
3608094,-152,56,-1060
3608114,-144,64,-1060
3608135,-148,64,-1048
3608155,-144,52,-1060
3608175,-144,60,-1064
3608196,-148,60,-1056
3608216,-144,56,-1068
3608237,-152,68,-1072
3608257,-160,72,-1068
3608282,-148,76,-1076
3608297,-148,76,-1068
3608317,-152,72,-1064
3608338,-156,76,-1060
3608358,-160,80,-1068
3608378,-148,68,-1060
3608399,-144,76,-1056
3608419,-148,76,-1060
3608440,-144,72,-1052
3608460,-148,76,-1060
3608480,-152,72,-1056
3608506,-156,76,-1056
3608520,-152,64,-1048
3608541,-144,60,-1044
3608561,-152,64,-1044
3608581,-148,60,-1048
3608602,-148,64,-1040
3608622,-152,68,-1052
3608642,-152,64,-1036
3608663,-152,60,-1024
3608683,-148,60,-1028
3608704,-144,52,-1004
3608724,-144,48,-1000
3608750,-140,40,-988
3608765,-140,36,-996
3608785,-140,44,-996
3608805,-140,48,-996
3608825,-140,36,-976
3608845,-136,32,-976
3608865,-128,28,-980
3608886,-136,28,-968
3608906,-128,28,-964
3608927,-132,24,-968
3608947,-136,12,-960
3608968,-124,16,-952
3608990,-124,12,-952
3609008,-124,12,-960
3609028,-120,4,-960
3609048,-112,12,-944
3609068,-120,-4,-956
3609089,-112,-4,-948
3609109,-104,-4,-952
3609129,-112,-12,-940
3609150,-108,-20,-944
3609170,-104,-16,-948
3609190,-108,-24,-948
3609210,-108,-20,-952
3609234,-108,-24,-948
3609251,-104,-32,-960
3609271,-104,-36,-952
3609292,-104,-24,-956
3609312,-104,-32,-948
3609332,-104,-32,-952
3609353,-100,-44,-964
3609373,-100,-40,-968
3609393,-108,-40,-972
3609413,-104,-40,-968
3609434,-100,-44,-972
3609454,-96,-40,-980
3609478,-108,-40,-968
3609495,-104,-52,-972
3609515,-104,-44,-960
3609535,-104,-44,-964
3609556,-108,-44,-964
3609576,-104,-44,-972
3609596,-104,-40,-976
3609617,-104,-36,-968
3609637,-104,-44,-980
3609657,-112,-44,-968
3609677,-116,-32,-980
3609706,-104,-32,-976
3609718,-108,-24,-976
3609738,-108,-36,-980
3609759,-112,-32,-984
3609779,-108,-32,-980
3609799,-108,-32,-980
3609820,-120,-20,-984
3609840,-116,-16,-996
3609860,-120,-8,-996
3609881,-128,12,-1004
3609901,-128,8,-1004
3609921,-124,8,-1004
3609946,-128,8,-1012
3609962,-124,4,-1004
3609982,-132,12,-1012
3610002,-132,12,-1020
3610023,-144,16,-1024
3610043,-132,28,-1028
3610063,-136,24,-1024
3610084,-140,36,-1040
3610104,-152,48,-1044
3610124,-148,52,-1056
3610145,-140,48,-1048
3610165,-148,48,-1048
3610190,-140,56,-1068
3610205,-152,56,-1064
3610226,-148,72,-1064
3610246,-148,72,-1064
3610266,-148,72,-1064
3610286,-152,64,-1064
3610307,-148,64,-1056
3610327,-152,68,-1060
3610348,-148,72,-1064
3610368,-152,72,-1064
3610388,-156,68,-1072
3610514,-152,72,-1052
3610518,-152,72,-1052
3610522,-152,72,-1052
3610526,-152,72,-1052
3610530,-152,76,-1056
3610534,-152,76,-1056
3610538,-152,76,-1056
3610550,-152,64,-1056
3610571,-148,64,-1044
3610591,-152,72,-1056
3610611,-148,64,-1048
3610632,-160,72,-1044
3610654,-148,68,-1032
3610673,-148,60,-1032
3610693,-148,48,-1032
3610713,-144,60,-1036
3610733,-156,56,-1032
3610753,-144,60,-1028
3610774,-140,52,-1036
3610794,-148,56,-1028
3610814,-148,44,-1024
3610835,-144,44,-1004
3610856,-148,44,-996
3610876,-140,32,-992
3610902,-136,28,-980
3610916,-140,40,-996
3610937,-140,32,-984
3610956,-148,28,-988
3610976,-136,24,-976
3610997,-132,20,-968
3611017,-128,16,-964
3611037,-128,12,-960
3611058,-124,12,-956
3611078,-116,4,-952
3611098,-116,-4,-948
3611119,-120,-8,-940
3611142,-120,-4,-932
3611159,-120,0,-944
3611180,-116,-4,-952
3611200,-112,-8,-944
3611220,-108,-12,-948
3611241,-112,-16,-952
3611261,-104,-16,-944
3611281,-108,-12,-948
3611301,-112,-24,-948
3611322,-100,-20,-948
3611342,-104,-24,-952
3611362,-100,-32,-956
3611386,-112,-28,-952
3611403,-108,-28,-956
3611423,-108,-28,-964
3611444,-104,-28,-956
3611464,-104,-36,-968
3611484,-100,-44,-964
3611505,-100,-44,-968
3611525,-100,-48,-968
3611545,-104,-44,-976
3611565,-100,-28,-976
3611586,-104,-44,-980
3611606,-104,-40,-976
3611630,-104,-44,-972
3611647,-100,-48,-976
3611667,-100,-44,-972
3611687,-104,-36,-980
3611707,-104,-44,-976
3611728,-116,-36,-968
3611748,-108,-36,-980
3611769,-108,-36,-976
3611789,-104,-32,-980
3611809,-100,-40,-972
3611829,-104,-28,-976
3611854,-108,-32,-972
3611870,-108,-8,-984
3611890,-120,-12,-1000
3611910,-124,-12,-996
3611931,-112,-12,-988
3611951,-124,0,-992
3611972,-124,-8,-1004
3611992,-124,0,-1008
3612012,-132,12,-1020
3612032,-136,24,-1024
3612053,-144,32,-1028
3612073,-136,40,-1020
3612098,-140,24,-1008
3612113,-136,24,-1024
3612134,-132,24,-1036
3612154,-144,28,-1032
3612174,-140,32,-1056
3612195,-144,48,-1040
3612215,-140,48,-1048
3612236,-144,48,-1056
3612256,-140,48,-1056
3612276,-144,56,-1060
3612297,-148,52,-1060
3612317,-144,60,-1064
3612342,-140,60,-1068
3612357,-148,52,-1060
3612377,-148,68,-1068
3612397,-148,68,-1072
3612418,-148,64,-1068
3612438,-156,72,-1064
3612458,-144,76,-1064
3612478,-148,72,-1056
3612499,-156,76,-1072
3612519,-152,68,-1064
3612539,-148,72,-1064
3612562,-152,64,-1064
3612580,-148,60,-1060
3612600,-148,68,-1060
3612621,-152,68,-1056
3612641,-160,72,-1056
3612661,-152,64,-1052
3612682,-152,68,-1052
3612702,-152,52,-1044
3612722,-148,48,-1040
3612743,-148,56,-1040
3612763,-148,68,-1044
3612783,-156,68,-1036
3612806,-156,60,-1036
3612824,-144,52,-1016
3612844,-148,52,-1004
3612864,-136,36,-992
3612885,-140,36,-988
3612905,-140,32,-992
3612925,-144,40,-992
3612945,-140,36,-984
3612966,-136,36,-988
3612986,-136,28,-980
3613006,-132,16,-976
3613027,-132,16,-980
3613050,-128,24,-972
3613067,-132,12,-956
3613088,-124,16,-956
3613108,-128,8,-960
3613128,-124,4,-956
3613148,-124,8,-944
3613169,-116,0,-948
3613189,-128,0,-952
3613209,-112,-8,-944
3613230,-112,-8,-944
3613250,-116,-12,-944
3613270,-108,-8,-952
3613294,-112,-16,-948
3613311,-104,-20,-948
3613332,-108,-24,-960
3613352,-108,-28,-952
3613372,-104,-32,-952
3613393,-108,-36,-956
3613413,-100,-28,-952
3613433,-108,-24,-952
3613453,-104,-28,-960
3613473,-104,-32,-956
3613493,-108,-40,-960
3613514,-108,-40,-960
3613538,-108,-32,-972
3613555,-100,-36,-968
3613575,-104,-40,-964
3613596,-100,-44,-964
3613616,-108,-48,-968
3613636,-100,-32,-968
3613657,-104,-48,-972
3613677,-104,-36,-972
3613697,-100,-40,-968
3613717,-112,-44,-968
3613737,-112,-44,-972
3613757,-116,-36,-972
3613782,-116,-40,-968
3613798,-108,-32,-980
3613818,-116,-32,-980
3613839,-104,-32,-980
3613859,-116,-28,-980
3613880,-108,-28,-980
3613900,-124,-20,-988
3613920,-116,-8,-992
3613940,-124,-16,-984
3613960,-116,-16,-996
3613981,-116,-20,-988
3614006,-124,-8,-1000
3614021,-128,4,-1004
3614042,-132,8,-1012
3614062,-136,12,-1012
3614082,-132,12,-1012
3614102,-132,16,-1028
3614123,-132,8,-1020
3614143,-132,16,-1016
3614163,-128,20,-1024
3614184,-136,20,-1028
3614204,-136,24,-1044
3614224,-152,36,-1044
3614358,-144,60,-1060
3614362,-144,60,-1060
3614366,-144,68,-1068
3614370,-144,68,-1068
3614374,-144,68,-1068
3614378,-144,68,-1068
3614382,-144,68,-1068
3614387,-148,68,-1060
3614407,-148,56,-1060
3614427,-148,68,-1068
3614448,-148,64,-1060
3614468,-148,72,-1064
3614494,-152,76,-1064
3614509,-148,68,-1060
3614529,-152,72,-1060
3614549,-144,72,-1064
3614569,-140,76,-1056
3614590,-152,76,-1056
3614610,-152,76,-1052
3614630,-148,76,-1056
3614651,-152,72,-1052
3614671,-148,72,-1052
3614691,-152,76,-1048
3614718,-144,60,-1052
3614732,-152,64,-1040
3614752,-144,60,-1032
3614773,-152,56,-1048
3614793,-148,56,-1032
3614813,-152,52,-1032
3614833,-148,52,-1032
3614854,-148,52,-1016
3614874,-144,44,-1012
3614894,-144,44,-1020
3614915,-148,44,-1012
3614935,-140,52,-1000
3614958,-148,36,-988
3614976,-144,36,-988
3614996,-136,32,-996
3615016,-136,24,-992
3615037,-140,28,-992
3615057,-136,24,-984
3615077,-132,32,-988
3615097,-128,24,-972
3615117,-132,12,-972
3615138,-124,20,-968
3615158,-124,4,-956
3615178,-124,4,-952
3615206,-116,0,-956
3615219,-116,-4,-940
3615240,-108,-12,-948
3615260,-120,-4,-944
3615280,-112,-4,-948
3615300,-120,-12,-984
3615321,-112,-16,-944
3615341,-124,-16,-952
3615361,-108,-24,-952
3615381,-108,-20,-948
3615402,-116,-20,-952
3615422,-116,-24,-952
3615446,-112,-24,-968
3615463,-108,-20,-952
3615483,-116,-24,-956
3615504,-112,-40,-956
3615524,-112,-36,-964
3615544,-104,-36,-968
3615565,-104,-32,-968
3615585,-112,-36,-968
3615605,-108,-44,-968
3615625,-108,-32,-968
3615645,-100,-36,-968
3615665,-104,-40,-980
3615690,-100,-40,-980
3615706,-112,-36,-972
3615727,-108,-52,-980
3615747,-108,-48,-968
3615767,-108,-44,-968
3615787,-104,-44,-972
3615807,-104,-48,-984
3615828,-112,-40,-972
3615848,-104,-36,-972
3615868,-112,-36,-972
3615889,-100,-40,-968
3615918,-108,-28,-976
3615929,-108,-28,-976
3615950,-112,-32,-984
3615970,-116,-24,-984
3615990,-116,-24,-988
3616011,-112,-16,-996
3616031,-128,-8,-996
3616051,-128,0,-1004
3616072,-132,0,-1004
3616092,-128,8,-1008
3616112,-128,4,-1012
3616133,-124,12,-1012
3616158,-136,20,-1024
3616173,-132,16,-1016
3616193,-132,12,-1028
3616214,-132,16,-1036
3616234,-140,28,-1020
3616254,-136,32,-1040
3616275,-140,36,-1056
3616295,-144,48,-1052
3616315,-140,44,-1052
3616336,-144,44,-1060
3616356,-148,60,-1056
3616376,-140,52,-1056
3616402,-152,52,-1044
3616417,-144,48,-1060
3616437,-148,60,-1056
3616457,-144,56,-1060
3616478,-144,64,-1056
3616498,-144,68,-1064
3616518,-148,68,-1060
3616539,-152,72,-1064
3616559,-152,60,-1060
3616579,-144,68,-1064
3616600,-152,64,-1068
3616626,-144,72,-1064
3616640,-144,64,-1056
3616661,-152,64,-1052
3616681,-152,68,-1052
3616701,-148,64,-1048
3616721,-152,72,-1056
3616741,-148,64,-1052
3616762,-148,64,-1044
3616782,-148,64,-1048
3616802,-144,52,-1040
3616823,-144,56,-1048
3616843,-148,64,-1044
3616866,-156,52,-1036
3616884,-148,64,-1040
3616904,-144,56,-1036
3616925,-152,48,-1016
3616945,-140,48,-1016
3616965,-140,44,-1008
3616985,-136,40,-1004
3617005,-140,28,-992
3617026,-144,32,-980
3617046,-132,32,-976
3617066,-144,28,-976
3617087,-140,28,-984
3617110,-144,28,-980
3617128,-144,28,-968
3617148,-140,24,-972
3617168,-128,12,-972
3617189,-128,8,-960
3617209,-128,12,-964
3617229,-120,20,-952
3617249,-116,8,-956
3617269,-120,0,-952
3617290,-124,0,-952
3617310,-120,-4,-952
3617330,-116,-8,-944
3617358,-112,4,-944
3617371,-116,0,-944
3617391,-108,-8,-944
3617411,-108,-12,-948
3617432,-104,-20,-948
3617453,-112,-16,-944
3617473,-104,-32,-956
3617493,-108,-32,-952
3617513,-112,-24,-960
3617533,-104,-32,-956
3617553,-96,-32,-956
3617574,-112,-36,-960
3617598,-112,-36,-956
3617614,-108,-32,-964
3617634,-116,-28,-960
3617655,-104,-32,-964
3617675,-104,-44,-968
3617695,-104,-36,-972
3617716,-104,-36,-968
3617736,-104,-36,-968
3617756,-108,-40,-972
3617777,-112,-40,-972
3617797,-112,-48,-976
3617817,-112,-40,-968
3617842,-104,-44,-968
3617858,-108,-36,-972
3617878,-112,-52,-976
3617899,-108,-48,-972
3617919,-116,-44,-984
3617939,-108,-44,-988
3617960,-116,-44,-980
3617980,-116,-32,-984
3618000,-112,-32,-984
3618020,-116,-20,-988
3618041,-120,-12,-996
3618158,-116,-8,-1008
3618174,-132,0,-1012
3618178,-132,0,-1012
3618182,-128,8,-1024
3618186,-128,8,-1024
3618190,-128,8,-1024
3618194,-128,8,-1024
3618203,-132,0,-1020
3618224,-128,4,-1028
3618244,-132,20,-1028
3618264,-136,16,-1028
3618285,-136,12,-1032
3618305,-136,24,-1048
3618325,-144,36,-1036
3618345,-136,40,-1048
3618365,-148,44,-1044
3618386,-140,56,-1068
3618406,-148,56,-1056
3618426,-144,52,-1064
3618447,-140,60,-1064
3618467,-144,52,-1064
3618487,-140,64,-1064
3618507,-152,64,-1064
3618528,-140,56,-1056
3618558,-152,60,-1072
3618569,-152,60,-1060
3618589,-156,64,-1056
3618609,-152,60,-1064
3618629,-152,64,-1064
3618650,-152,52,-1056
3618670,-148,68,-1060
3618690,-148,68,-1064
3618711,-152,64,-1064
3618731,-160,64,-1052
3618752,-156,68,-1052
3618772,-152,60,-1056
3618798,-148,64,-1052
3618812,-152,64,-1048
3618832,-144,68,-1052
3618852,-144,64,-1044
3618873,-148,52,-1040
3618893,-144,56,-1036
3618913,-152,48,-1028
3618934,-148,60,-1040
3618954,-144,56,-1044
3618975,-148,56,-1036
3618995,-144,44,-1024
3619022,-144,56,-1024
3619036,-148,48,-1016
3619056,-148,40,-1004
3619076,-136,36,-1000
3619097,-144,36,-1000
3619116,-140,40,-1004
3619137,-148,40,-984
3619157,-140,28,-988
3619177,-132,20,-980
3619198,-136,24,-980
3619218,-132,20,-972
3619238,-132,24,-972
3619266,-136,16,-980
3619279,-128,20,-960
3619299,-132,12,-960
3619319,-124,8,-956
3619340,-120,8,-960
3619360,-124,-4,-940
3619380,-116,0,-944
3619401,-112,-4,-944
3619421,-116,-8,-940
3619441,-112,-4,-940
3619461,-120,-4,-956
3619482,-120,-8,-948
3619502,-116,-8,-952
3619526,-120,-16,-956
3619543,-116,-16,-960
3619563,-104,-24,-960
3619583,-108,-28,-956
3619604,-116,-24,-960
3619624,-104,-36,-960
3619644,-120,-36,-960
3619665,-120,-32,-960
3619685,-112,-40,-960
3619705,-104,-36,-972
3619725,-108,-36,-964
3619754,-104,-44,-976
3619766,-104,-40,-968
3619786,-104,-48,-972
3619807,-112,-40,-980
3619827,-104,-44,-976
3619847,-112,-44,-976
3619868,-108,-40,-976
3619888,-104,-44,-980
3619908,-104,-44,-980
3619928,-104,-44,-968
3619949,-108,-40,-976
3619969,-108,-44,-968
3619994,-108,-36,-976
3620010,-116,-44,-968
3620030,-108,-40,-976
3620050,-104,-28,-984
3620071,-112,-24,-976
3620091,-108,-32,-980
3620112,-108,-20,-980
3620132,-116,-24,-984
3620152,-120,-20,-992
3620173,-116,-8,-992
3620193,-124,-16,-992
3620213,-120,-12,-996
3620238,-128,4,-1012
3620253,-132,4,-1000
3620273,-136,8,-1016
3620294,-132,16,-1024
3620314,-140,12,-1028
3620334,-128,24,-1032
3620355,-140,20,-1036
3620376,-140,32,-1032
3620396,-136,28,-1056
3620416,-140,32,-1052
3620437,-136,44,-1044
3620466,-136,40,-1056
3620477,-148,36,-1048
3620497,-144,44,-1056
3620517,-140,52,-1048
3620537,-144,52,-1056
3620558,-140,52,-1064
3620578,-148,52,-1068
3620598,-148,60,-1060
3620618,-140,64,-1064
3620639,-144,56,-1056
3620659,-148,72,-1072
3620679,-148,64,-1064
3620702,-152,64,-1068
3620720,-148,68,-1064
3620740,-148,60,-1060
3620761,-148,64,-1060
3620781,-152,72,-1060
3620801,-156,64,-1056
3620822,-148,60,-1060
3620842,-152,64,-1060
3620862,-144,64,-1060
3620882,-144,64,-1052
3620903,-152,56,-1056
3620923,-148,64,-1044
3620946,-156,64,-1044
3620964,-152,56,-1052
3620984,-144,56,-1044
3621004,-148,52,-1040
3621025,-148,56,-1040
3621045,-140,52,-1032
3621065,-152,56,-1024
3621085,-144,44,-1024
3621106,-144,44,-1000
3621126,-144,48,-1000
3621146,-136,40,-996
3621174,-144,40,-1000
3621187,-144,32,-988
3621207,-140,28,-988
3621228,-136,36,-980
3621248,-140,28,-988
3621268,-140,24,-980
3621289,-140,20,-980
3621309,-136,20,-968
3621329,-136,16,-972
3621349,-136,16,-956
3621370,-124,8,-956
3621390,-124,4,-952
3621410,-128,4,-960
3621434,-128,0,-952
3621451,-128,0,-956
3621471,-116,0,-952
3621492,-124,0,-952
3621512,-120,0,-948
3621532,-112,-12,-948
3621553,-116,-12,-948
3621573,-104,-8,-956
3621593,-108,-16,-956
3621613,-112,-20,-952
3621634,-108,-20,-948
3621654,-108,-24,-956
3621678,-104,-20,-972
3621694,-112,-28,-960
3621715,-112,-36,-964
3621736,-112,-28,-972
3621756,-112,-36,-964
3621776,-108,-44,-956
3621797,-112,-44,-972
3621817,-112,-44,-964
3621837,-100,-36,-964
3621857,-112,-44,-972
3621877,-108,-40,-968
3622014,-112,-48,-976
3622018,-112,-48,-976
3622022,-112,-32,-972
3622026,-112,-32,-972
3622030,-112,-32,-972
3622034,-112,-32,-972
3622038,-112,-32,-972
3622042,-108,-44,-972
3622061,-112,-44,-976
3622081,-108,-44,-980
3622101,-108,-36,-984
3622121,-112,-32,-984
3622146,-116,-40,-984
3622161,-120,-32,-992
3622182,-128,-24,-988
3622202,-120,-20,-980
3622223,-124,-16,-988
3622243,-116,-16,-988
3622264,-120,-16,-996
3622284,-112,-20,-1000
3622304,-120,-4,-1000
3622324,-128,-8,-1000
3622345,-132,-8,-1008
3622365,-124,4,-1012
3622390,-128,0,-1016
3622405,-128,8,-1020
3622425,-136,12,-1032
3622446,-144,20,-1028
3622466,-140,24,-1040
3622486,-144,32,-1036
3622507,-140,36,-1040
3622528,-136,32,-1044
3622548,-140,36,-1048
3622568,-148,44,-1052
3622589,-148,48,-1060
3622618,-148,52,-1052
3622629,-152,52,-1068
3622649,-148,60,-1064
3622669,-148,52,-1060
3622689,-148,60,-1060
3622709,-148,52,-1060
3622730,-140,52,-1060
3622750,-152,60,-1052
3622770,-144,60,-1060
3622791,-144,64,-1056
3622811,-148,56,-1056
3622831,-148,64,-1060
3622854,-148,64,-1060
3622872,-148,64,-1056
3622892,-148,68,-1060
3622913,-152,64,-1060
3622933,-148,56,-1052
3622953,-144,60,-1052
3622973,-144,60,-1052
3622994,-140,56,-1048
3623014,-144,56,-1048
3623034,-148,60,-1048
3623055,-148,56,-1032
3623075,-156,60,-1032
3623098,-140,56,-1032
3623116,-144,48,-1032
3623136,-152,40,-1028
3623156,-148,44,-1032
3623177,-144,48,-1020
3623197,-152,48,-1020
3623217,-144,44,-1012
3623237,-148,28,-1004
3623258,-140,36,-1000
3623278,-132,32,-1008
3623298,-144,24,-992
3623326,-140,32,-992
3623339,-144,28,-992
3623359,-132,16,-980
3623380,-136,20,-972
3623400,-136,16,-964
3623420,-124,16,-972
3623440,-124,4,-968
3623461,-124,8,-964
3623481,-124,0,-960
3623501,-120,8,-956
3623522,-124,0,-948
3623542,-116,-16,-948
3623562,-120,-4,-948
3623586,-124,-4,-960
3623603,-124,-8,-944
3623623,-120,-8,-944
3623644,-112,-12,-948
3623664,-116,-20,-952
3623684,-108,-16,-952
3623705,-116,-20,-960
3623725,-116,-16,-944
3623745,-104,-8,-952
3623765,-120,-16,-952
3623786,-116,-28,-956
3623806,-112,-20,-960
3623830,-108,-24,-948
3623847,-116,-28,-972
3623867,-112,-36,-968
3623887,-108,-28,-968
3623908,-108,-44,-964
3623928,-108,-44,-968
3623948,-116,-40,-964
3623969,-104,-36,-972
3623989,-100,-40,-968
3624009,-108,-40,-972
3624029,-108,-44,-980
3624058,-116,-44,-992
3624070,-116,-44,-976
3624090,-100,-48,-972
3624111,-100,-44,-972
3624131,-104,-40,-964
3624151,-112,-44,-972
3624172,-116,-40,-968
3624192,-116,-44,-968
3624212,-116,-28,-980
3624233,-116,-28,-976
3624253,-112,-32,-980
3624273,-112,-36,-972
3624298,-108,-32,-976
3624313,-116,-40,-980
3624334,-116,-28,-984
3624354,-112,-24,-988
3624374,-124,-12,-996
3624395,-132,-4,-1004
3624416,-132,4,-1000
3624436,-124,0,-1004
3624456,-128,4,-1012
3624476,-128,8,-1012
3624496,-140,12,-1028
3624517,-140,20,-1024
3624542,-136,20,-1028
3624557,-136,20,-1032
3624577,-140,24,-1040
3624598,-140,24,-1040
3624618,-144,40,-1044
3624638,-140,40,-1040
3624659,-144,36,-1044
3624680,-148,36,-1048
3624700,-140,40,-1048
3624720,-140,40,-1056
3624741,-140,44,-1060
3624770,-140,48,-1052
3624781,-140,56,-1064
3624801,-140,60,-1060
3624821,-152,56,-1056
3624841,-152,64,-1068
3624862,-140,60,-1064
3624882,-152,68,-1072
3624902,-144,64,-1068
3624923,-152,72,-1064
3624943,-148,64,-1060
3624963,-144,64,-1048
3624983,-140,64,-1056
3625006,-144,56,-1060
3625024,-144,60,-1064
3625044,-152,60,-1060
3625064,-140,64,-1056
3625085,-148,68,-1056
3625105,-144,68,-1048
3625125,-140,64,-1052
3625146,-144,48,-1048
3625166,-152,56,-1048
3625186,-144,56,-1052
3625207,-140,48,-1028
3625227,-148,40,-1032
3625250,-148,52,-1020
3625268,-136,40,-1016
3625288,-144,44,-1016
3625308,-148,40,-1004
3625329,-140,36,-1004
3625349,-136,28,-992
3625369,-140,32,-996
3625389,-144,28,-992
3625410,-140,32,-992
3625430,-140,40,-988
3625450,-140,32,-980
3625471,-140,12,-972
3625494,-128,16,-960
3625511,-132,12,-960
3625532,-132,12,-960
3625552,-124,12,-956
3625572,-124,12,-960
3625593,-124,4,-956
3625613,-124,4,-956
3625633,-132,8,-964
3625653,-128,4,-952
3625674,-124,-4,-956
3625694,-112,-12,-952
3625714,-116,-12,-948
3625842,-112,-24,-944
3625846,-112,-24,-944
3625850,-112,-24,-944
3625854,-112,-24,-944
3625858,-108,-36,-964
3625862,-108,-36,-964
3625866,-108,-36,-964
3625877,-116,-20,-960
3625897,-112,-32,-956
3625917,-112,-32,-960
3625938,-116,-36,-968
3625958,-108,-36,-960
3625978,-112,-28,-956
3625999,-112,-36,-964
3626019,-116,-36,-968
3626039,-108,-36,-972
3626060,-88,24,-932
3626080,-148,-24,-948
3626100,-116,-36,-976
3626121,-100,-40,-984
3626141,-116,-40,-972
3626161,-112,-40,-976
3626181,-116,-52,-976
3626206,-112,-52,-980
3626222,-108,-48,-972
3626242,-104,-52,-976
3626262,-116,-44,-976
3626283,-112,-36,-976
3626303,-112,-36,-976
3626324,-112,-40,-980
3626344,-108,-40,-984
3626364,-116,-32,-984
3626385,-124,-24,-992
3626405,-124,-16,-992
3626425,-128,-16,-992
3626450,-112,-20,-996
3626465,-116,-12,-992
3626486,-124,-8,-1004
3626506,-120,-12,-1016
3626526,-124,0,-1008
3626547,-140,0,-1020
3626567,-132,8,-1024
3626587,-136,16,-1032
3626607,-136,12,-1028
3626628,-128,4,-1032
3626649,-128,16,-1040
3626669,-132,20,-1040
3626694,-144,28,-1056
3626709,-136,36,-1056
3626729,-144,44,-1048
3626750,-140,48,-1056
3626770,-140,32,-1068
3626790,-144,44,-1052
3626811,-136,40,-1056
3626832,-144,40,-1048
3626852,-144,44,-1044
3626872,-140,48,-1064
3626892,-140,52,-1060
3626922,-144,56,-1060
3626933,-140,60,-1048
3626953,-144,60,-1064
3626973,-152,48,-1056
3626993,-148,64,-1052
3627013,-140,68,-1060
3627034,-144,60,-1060
3627054,-132,64,-1060
3627074,-144,60,-1052
3627095,-144,68,-1048
3627115,-156,56,-1052
3627135,-148,56,-1048
3627158,-148,60,-1048
3627176,-144,52,-1040
3627196,-140,56,-1036
3627216,-140,44,-1048
3627237,-144,48,-1036
3627257,-144,48,-1044
3627277,-148,48,-1036
3627298,-148,44,-1024
3627318,-148,44,-1028
3627338,-144,36,-1004
3627359,-136,40,-996
3627379,-140,28,-1008
3627402,-140,32,-996
3627420,-144,24,-1012
3627440,-148,28,-1004
3627460,-144,40,-1000
3627481,-140,32,-984
3627501,-136,24,-976
3627521,-128,8,-964
3627541,-124,8,-960
3627561,-132,4,-960
3627582,-120,4,-956
3627602,-136,8,-956
3627623,-120,12,-952
3627646,-128,4,-972
3627663,-128,-8,-952
3627683,-120,0,-960
3627704,-124,-4,-956
3627724,-124,-4,-956
3627745,-124,-8,-948
3627765,-116,-12,-944
3627785,-116,-12,-948
3627805,-116,-20,-956
3627825,-116,-24,-952
3627846,-120,-24,-952
3627866,-116,-12,-960
3627890,-108,-24,-952
3627907,-116,-20,-956
3627927,-120,-20,-944
3627948,-120,-32,-960
3627968,-120,-28,-960
3627988,-116,-36,-968
3628008,-108,-40,-964
3628028,-108,-36,-964
3628049,-116,-32,-972
3628069,-116,-40,-976
3628089,-116,-44,-976
3628110,-108,-44,-976
3628130,-108,-52,-976
3628150,-116,-44,-972
3628171,-104,-48,-972
3628191,-112,-48,-968
3628212,-112,-56,-972
3628232,-108,-36,-972
3628252,-116,-48,-976
3628273,-120,-44,-976
3628293,-112,-40,-972
3628313,-100,-44,-976
3628333,-108,-40,-972
3628358,-108,-36,-984
3628373,-120,-36,-980
3628394,-112,-32,-972
3628414,-120,-28,-980
3628435,-112,-32,-988
3628455,-120,-24,-996
3628476,-120,-16,-996
3628496,-128,-8,-1000
3628516,-128,-4,-1004
3628536,-132,0,-1012
3628556,-132,4,-1020
3628576,-132,8,-1016
3628602,-132,4,-1024
3628617,-128,8,-1028
3628637,-140,20,-1024
3628658,-132,16,-1040
3628678,-140,20,-1056
3628698,-144,32,-1036
3628719,-136,36,-1048
3628739,-140,32,-1052
3628759,-144,40,-1052
3628779,-136,44,-1056
3628800,-144,32,-1052
3628820,-148,48,-1056
3628846,-144,48,-1060
3628861,-140,48,-1064
3628881,-144,40,-1060
3628901,-140,60,-1060
3628922,-136,48,-1056
3628942,-140,60,-1064
3628962,-148,52,-1056
3628983,-148,56,-1064
3629003,-144,64,-1052
3629023,-140,52,-1064
3629043,-152,60,-1064
3629070,-152,64,-1056
3629084,-148,56,-1052
3629104,-148,60,-1056
3629125,-140,64,-1056
3629145,-136,48,-1052
3629165,-144,52,-1044
3629186,-140,52,-1048
3629206,-144,48,-1040
3629226,-152,52,-1048
3629247,-148,52,-1040
3629267,-148,52,-1048
3629287,-140,48,-1036
3629310,-144,44,-1032
3629328,-148,44,-1020
3629348,-144,40,-1028
3629368,-152,48,-1020
3629389,-144,40,-1008
3629409,-136,32,-1008
3629429,-144,32,-996
3629449,-136,24,-1000
3629470,-140,24,-980
3629490,-136,24,-972
3629510,-128,12,-972
3629531,-132,12,-972
3629666,-124,0,-952
3629670,-124,0,-952
3629674,-116,-4,-952
3629678,-116,-4,-952
3629682,-116,-4,-952
3629686,-116,-4,-952
3629690,-116,-4,-952
3629694,-124,-12,-956
3629713,-120,-4,-940
3629734,-124,-4,-956
3629754,-136,0,-956
3629774,-116,4,-952
3629798,-120,-12,-948
3629815,-112,-12,-956
3629835,-116,-16,-952
3629856,-120,-28,-956
3629876,-112,-16,-960
3629896,-112,-24,-956
3629917,-116,-28,-960
3629937,-116,-28,-956
3629957,-112,-28,-960
3629977,-104,-24,-960
3629998,-108,-24,-964
3630018,-112,-28,-960
3630042,-116,-32,-972
3630059,-112,-32,-960
3630079,-112,-40,-968
3630099,-108,-36,-964
3630120,-116,-44,-964
3630140,-112,-40,-968
3630160,-112,-48,-972
3630181,-112,-36,-968
3630201,-120,-36,-968
3630221,-112,-40,-972
3630241,-120,-40,-976
3630270,-112,-48,-976
3630282,-112,-48,-980
3630302,-112,-36,-976
3630322,-116,-44,-976
3630343,-112,-48,-980
3630364,-116,-40,-980
3630384,-124,-36,-984
3630404,-120,-32,-988
3630425,-124,-24,-992
3630445,-124,-28,-988
3630465,-128,-20,-1000
3630485,-120,-12,-996
3630510,-124,-12,-992
3630525,-128,-12,-1008
3630546,-136,-4,-1012
3630566,-124,0,-1008
3630586,-132,8,-1020
3630607,-128,4,-1032
3630628,-140,0,-1028
3630648,-132,16,-1044
3630668,-132,20,-1044
3630688,-136,16,-1032
3630708,-140,28,-1036
3630728,-136,28,-1044
3630754,-136,32,-1052
3630769,-136,28,-1052
3630789,-140,36,-1060
3630809,-136,40,-1056
3630830,-140,48,-1064
3630850,-148,48,-1064
3630870,-140,56,-1072
3630891,-148,52,-1056
3630911,-140,52,-1064
3630931,-148,56,-1068
3630952,-132,56,-1056
3630978,-136,52,-1060
3630992,-144,64,-1064
3631012,-148,44,-1060
3631033,-156,56,-1056
3631053,-140,60,-1048
3631073,-136,48,-1056
3631094,-144,56,-1052
3631114,-140,48,-1052
3631134,-144,60,-1052
3631155,-148,60,-1056
3631175,-140,60,-1048
3631195,-148,40,-1044
3631218,-140,48,-1040
3631236,-140,52,-1040
3631256,-144,44,-1036
3631277,-140,40,-1032
3631297,-140,44,-1036
3631317,-144,44,-1020
3631337,-148,36,-1020
3631358,-140,28,-1012
3631378,-140,40,-1016
3631398,-140,32,-1004
3631419,-140,24,-988
3631439,-136,36,-1000
3631462,-144,24,-996
3631480,-140,24,-984
3631500,-140,24,-984
3631520,-140,12,-984
3631541,-156,-4,-940
3631561,-144,16,-936
3631581,-140,28,-980
3631601,-140,8,-976
3631621,-128,4,-956
3631642,-128,8,-960
3631662,-132,4,-952
3631682,-120,0,-944
3631706,-124,-4,-956
3631723,-124,-8,-948
3631744,-116,-12,-948
3631764,-116,-16,-944
3631784,-116,-12,-940
3631805,-120,-8,-948
3631825,-120,-8,-944
3631845,-120,-16,-944
3631865,-124,-20,-952
3631885,-124,-24,-956
3631906,-116,-24,-960
3631926,-120,-20,-960
3631950,-116,-24,-964
3631967,-124,-32,-956
3631987,-112,-28,-968
3632008,-116,-32,-972
3632028,-112,-32,-972
3632048,-116,-36,-968
3632069,-120,-40,-968
3632089,-112,-40,-968
3632109,-116,-44,-968
3632129,-120,-32,-972
3632149,-116,-40,-968
3632170,-124,-48,-976
3632194,-120,-36,-980
3632210,-120,-52,-976
3632231,-116,-44,-984
3632251,-120,-48,-976
3632271,-116,-40,-976
3632292,-112,-44,-984
3632312,-124,-36,-988
3632333,-120,-40,-980
3632353,-116,-40,-980
3632373,-116,-44,-980
3632393,-120,-44,-980
3632418,-112,-36,-976
3632434,-128,-36,-980
3632454,-120,-32,-980
3632474,-116,-24,-992
3632495,-120,-28,-984
3632515,-128,-16,-992
3632536,-124,-8,-1000
3632556,-132,-4,-1004
3632575,-136,-4,-1016
3632596,-136,4,-1012
3632616,-132,16,-1024
3632636,-132,8,-1028
3632662,-132,8,-1020
3632677,-132,8,-1036
3632697,-120,12,-1032
3632718,-132,12,-1044
3632738,-136,20,-1040
3632758,-136,28,-1052
3632779,-140,44,-1044
3632799,-136,28,-1052
3632819,-140,20,-1060
3632839,-140,36,-1052
3632860,-144,28,-1048
3632880,-136,40,-1056
3632906,-136,40,-1056
3632921,-144,44,-1056
3632941,-140,48,-1060
3632961,-144,52,-1056
3632982,-140,48,-1060
3633002,-136,44,-1064
3633022,-144,40,-1044
3633043,-136,52,-1056
3633063,-140,48,-1056
3633083,-140,56,-1048
3633104,-144,52,-1056
3633130,-148,44,-1060
3633144,-140,48,-1052
3633164,-148,48,-1056
3633185,-144,44,-1060
3633205,-140,48,-1048
3633225,-144,44,-1044
3633246,-140,44,-1044
3633266,-136,48,-1040
3633286,-140,48,-1044
3633307,-140,44,-1040
3633327,-144,48,-1040
3633347,-136,36,-1036
3633478,-148,20,-1008
3633482,-148,20,-1008
3633486,-148,20,-1008
3633490,-148,32,-984
3633494,-148,32,-984
3633498,-148,32,-984
3633502,-148,32,-984
3633509,-132,28,-984
3633530,-136,20,-980
3633550,-136,16,-976
3633570,-132,12,-980
3633591,-132,20,-972
3633614,-132,12,-976
3633632,-136,12,-964
3633652,-136,8,-956
3633672,-128,8,-960
3633692,-128,-4,-948
3633713,-124,4,-960
3633733,-132,0,-956
3633753,-128,-8,-948
3633773,-124,-12,-948
3633794,-124,-4,-952
3633814,-124,-4,-948
3633834,-120,-8,-956
3633858,-132,-20,-952
3633875,-124,-8,-944
3633896,-116,-12,-952
3633916,-124,-8,-960
3633936,-124,-8,-956
3633957,-128,-20,-952
3633977,-120,-12,-956
3633997,-116,-20,-956
3634017,-116,-28,-964
3634037,-112,-28,-960
3634058,-116,-28,-968
3634078,-120,-32,-972
3634102,-116,-32,-968
3634119,-120,-36,-964
3634139,-108,-44,-964
3634160,-116,-40,-972
3634180,-112,-36,-972
3634200,-120,-36,-972
3634221,-116,-48,-972
3634241,-116,-36,-976
3634261,-108,-48,-968
3634281,-112,-40,-972
3634301,-112,-36,-964
3634322,-116,-44,-972
3634346,-112,-48,-964
3634362,-112,-44,-972
3634382,-108,-40,-976
3634403,-120,-40,-980
3634424,-116,-36,-976
3634444,-112,-40,-980
3634464,-116,-28,-984
3634484,-124,-32,-988
3634505,-120,-20,-992
3634524,-132,-24,-996
3634545,-132,-16,-988
3634574,-124,-20,-1000
3634585,-124,-12,-1000
3634606,-140,-12,-1008
3634626,-124,-8,-1012
3634646,-132,0,-1024
3634667,-132,0,-1016
3634687,-132,8,-1024
3634707,-136,12,-1036
3634727,-144,16,-1028
3634748,-136,20,-1036
3634768,-132,24,-1040
3634788,-140,20,-1044
3634814,-128,28,-1048
3634829,-132,16,-1040
3634849,-132,20,-1048
3634870,-132,28,-1056
3634890,-144,28,-1040
3634910,-132,32,-1052
3634931,-144,36,-1052
3634951,-144,44,-1056
3634971,-140,44,-1064
3634992,-144,44,-1060
3635012,-148,48,-1064
3635032,-144,52,-1068
3635058,-144,48,-1056
3635073,-140,48,-1056
3635093,-136,52,-1056
3635113,-144,40,-1052
3635133,-148,52,-1052
3635154,-140,52,-1056
3635174,-140,48,-1056
3635194,-140,52,-1056
3635215,-140,56,-1052
3635235,-144,52,-1048
3635256,-148,52,-1048
3635278,-144,64,-1052
3635296,-140,44,-1044
3635316,-148,48,-1036
3635337,-140,44,-1040
3635357,-140,40,-1024
3635377,-140,40,-1028
3635397,-148,32,-1020
3635418,-140,32,-1016
3635438,-148,28,-1008
3635458,-144,24,-1004
3635479,-136,28,-1000
3635499,-140,28,-992
3635522,-136,32,-980
3635540,-140,24,-988
3635560,-140,24,-980
3635581,-136,24,-988
3635601,-136,12,-984
3635621,-128,20,-984
3635641,-136,16,-968
3635661,-128,8,-964
3635682,-128,12,-968
3635702,-132,8,-968
3635722,-136,8,-964
3635743,-124,0,-956
3635770,-116,-4,-952
3635783,-124,0,-956
3635803,-132,-4,-948
3635824,-124,-8,-956
3635845,-128,4,-948
3635865,-124,-8,-956
3635885,-124,-12,-956
3635905,-112,-20,-948
3635925,-120,-24,-956
3635945,-128,-12,-952
3635966,-120,-24,-952
3635986,-124,-16,-956
3636014,-120,-20,-956
3636027,-128,-16,-956
3636048,-128,-32,-960
3636068,-120,-32,-968
3636088,-120,-24,-960
3636108,-124,-36,-968
3636129,-124,-36,-968
3636149,-116,-32,-960
3636169,-116,-32,-964
3636189,-124,-32,-964
3636209,-120,-36,-968
3636230,-112,-40,-980
3636254,-116,-48,-984
3636270,-124,-40,-972
3636291,-120,-48,-984
3636312,-120,-52,-976
3636332,-116,-40,-976
3636352,-108,-52,-976
3636372,-124,-48,-976
3636392,-116,-44,-972
3636412,-120,-52,-976
3636433,-116,-40,-984
3636453,-116,-44,-980
3636473,-124,-40,-980
3636498,-112,-40,-988
3636514,-120,-40,-976
3636534,-120,-36,-988
3636554,-116,-16,-992
3636575,-116,-20,-992
3636595,-128,-16,-1000
3636615,-128,-16,-1004
3636636,-128,-20,-1000
3636656,-124,-20,-996
3636676,-120,-16,-1008
3636697,-128,-8,-1016
3636722,-128,-8,-1032
3636737,-132,8,-1024
3636758,-140,8,-1036
3636778,-136,20,-1032
3636798,-136,24,-1040
3636819,-136,12,-1044
3636839,-136,20,-1032
3636859,-132,20,-1052
3636879,-132,24,-1044
3636900,-136,32,-1048
3636920,-140,28,-1048
3636940,-124,24,-1048
3636966,-140,32,-1056
3636981,-136,32,-1060
3637001,-140,36,-1056
3637021,-140,44,-1056
3637042,-132,44,-1052
3637062,-128,48,-1056
3637082,-140,44,-1056
3637103,-144,52,-1056
3637123,-144,44,-1052
3637144,-136,36,-1048
3637164,-140,48,-1056
3637298,-148,40,-1044
3637302,-148,40,-1044
3637306,-136,48,-1052
3637310,-136,48,-1052
3637314,-136,48,-1052
3637318,-136,48,-1052
3637322,-136,48,-1052
3637327,-152,44,-1052
3637346,-140,44,-1048
3637367,-140,44,-1048
3637387,-136,40,-1044
3637407,-140,40,-1032
3637430,-144,40,-1032
3637448,-140,28,-1024
3637468,-136,32,-1024
3637489,-136,28,-1012
3637509,-148,28,-1020
3637529,-140,32,-1012
3637549,-140,32,-1012
3637569,-144,28,-1000
3637590,-136,20,-1000
3637610,-140,16,-984
3637630,-140,24,-980
3637651,-136,12,-988
3637674,-136,20,-976
3637692,-132,20,-980
3637712,-136,8,-968
3637732,-136,4,-964
3637753,-132,8,-964
3637773,-124,-4,-956
3637793,-132,4,-960
3637813,-128,8,-956
3637833,-128,4,-960
3637854,-140,0,-960
3637874,-120,0,-952
3637894,-124,0,-956
3637922,-128,-8,-956
3637935,-120,-12,-960
3637955,-124,-12,-960
3637976,-120,-16,-952
3637996,-128,-16,-952
3638017,-116,-16,-956
3638037,-128,-8,-960
3638057,-120,-28,-952
3638077,-116,-12,-964
3638097,-120,-16,-968
3638118,-120,-28,-964
3638138,-116,-28,-964
3638162,-120,-32,-956
3638179,-108,-32,-972
3638200,-116,-32,-972
3638220,-116,-40,-964
3638239,-120,-36,-972
3638260,-124,-44,-972
3638280,-116,-52,-972
3638300,-116,-40,-976
3638320,-112,-48,-976
3638341,-124,-44,-976
3638361,-116,-36,-964
3638381,-120,-48,-968
3638406,-116,-52,-976
3638422,-112,-52,-972
3638442,-116,-44,-972
3638463,-116,-48,-976
3638483,-112,-36,-972
3638503,-124,-36,-976
3638524,-120,-36,-984
3638544,-116,-36,-976
3638564,-120,-32,-980
3638585,-120,-32,-984
3638605,-120,-28,-992
3638634,-116,-20,-984
3638645,-124,-28,-988
3638666,-124,-28,-992
3638686,-124,-28,-1012
3638706,-128,-8,-1008
3638727,-124,-4,-1008
3638747,-140,-4,-1024
3638767,-136,-4,-1024
3638788,-136,0,-1016
3638808,-128,4,-1028
3638828,-132,12,-1028
3638849,-140,4,-1028
3638874,-128,4,-1036
3638889,-132,16,-1044
3638909,-132,20,-1048
3638930,-136,12,-1048
3638950,-132,28,-1048
3638970,-140,24,-1048
3638991,-136,16,-1056
3639011,-140,32,-1048
3639031,-140,40,-1048
3639052,-140,36,-1052
3639072,-132,40,-1060
3639092,-144,44,-1064
3639118,-144,44,-1060
3639133,-144,48,-1064
3639153,-136,40,-1068
3639173,-136,48,-1060
3639193,-148,40,-1064
3639214,-152,44,-1052
3639234,-144,40,-1052
3639254,-144,48,-1056
3639275,-140,40,-1060
3639295,-148,44,-1048
3639316,-140,44,-1056
3639342,-148,44,-1060
3639356,-140,40,-1048
3639376,-140,44,-1052
3639397,-140,40,-1044
3639417,-140,44,-1036
3639437,-136,40,-1036
3639457,-144,40,-1032
3639478,-140,36,-1032
3639498,-136,40,-1016
3639518,-144,36,-1028
3639539,-132,32,-1024
3639559,-140,32,-1012
3639582,-132,32,-992
3639600,-140,28,-992
3639620,-136,24,-980
3639641,-136,24,-980
3639661,-144,24,-984
3639681,-144,16,-988
3639701,-136,28,-984
3639721,-136,20,-976
3639742,-132,16,-968
3639762,-128,12,-972
3639782,-132,8,-968
3639803,-124,4,-956
3639826,-136,12,-964
3639844,-132,4,-964
3639864,-128,4,-956
3639884,-136,-4,-960
3639905,-128,-8,-952
3639925,-132,-4,-956
3639945,-128,-8,-960
3639965,-124,-8,-952
3639985,-128,-12,-956
3640006,-128,-16,-956
3640026,-120,-16,-956
3640046,-120,-16,-956
3640074,-124,-24,-952
3640087,-120,-16,-960
3640108,-120,-16,-960
3640128,-120,-16,-956
3640148,-120,-12,-960
3640169,-116,-20,-964
3640189,-124,-28,-972
3640209,-116,-32,-972
3640229,-116,-36,-972
3640249,-116,-40,-976
3640270,-120,-40,-968
3640290,-128,-32,-968
3640314,-112,-36,-972
3640331,-120,-40,-968
3640351,-116,-44,-972
3640371,-120,-44,-968
3640392,-108,-48,-976
3640412,-120,-44,-976
3640432,-116,-44,-976
3640453,-120,-40,-980
3640472,-120,-44,-968
3640493,-116,-36,-976
3640513,-120,-40,-976
3640533,-116,-40,-976
3640558,-120,-44,-980
3640574,-112,-44,-984
3640594,-112,-44,-984
3640614,-124,-36,-980
3640635,-148,-16,-1012
3640655,-120,-12,-976
3640675,-128,-24,-1000
3640696,-124,-24,-996
3640716,-124,-32,-988
3640736,-120,-24,-996
3640757,-120,-20,-1008
3640782,-124,-20,-1008
3640797,-128,-8,-1024
3640818,-132,0,-1016
3640838,-136,0,-1016
3640858,-132,-8,-1020
3640879,-132,0,-1024
3640899,-132,0,-1028
3640919,-136,-4,-1024
3640939,-136,12,-1036
3640960,-136,16,-1052
3640980,-136,24,-1044
3641000,-136,20,-1044
3641126,-136,24,-1056
3641130,-136,24,-1056
3641134,-136,24,-1056
3641138,-136,24,-1056
3641142,-128,36,-1060
3641146,-128,36,-1060
3641150,-128,36,-1060
3641163,-132,28,-1052
3641183,-128,24,-1052
3641204,-132,36,-1048
3641224,-132,36,-1052
3641244,-132,40,-1052
3641270,-136,36,-1052
3641285,-132,48,-1060
3641305,-132,48,-1040
3641325,-132,44,-1056
3641346,-136,40,-1056
3641366,-136,48,-1048
3641386,-140,44,-1044
3641407,-136,36,-1044
3641427,-132,28,-1036
3641447,-148,36,-1044
3641467,-136,28,-1040
3641490,-136,44,-1040
3641508,-144,36,-1044
3641529,-132,28,-1032
3641549,-140,32,-1032
3641569,-144,32,-1032
3641589,-136,28,-1032
3641610,-140,20,-1020
3641630,-148,20,-1024
3641650,-140,20,-1012
3641671,-140,20,-1020
3641691,-136,20,-1012
3641711,-144,16,-1000
3641734,-140,20,-988
3641752,-132,20,-984
3641772,-132,16,-984
3641792,-128,24,-980
3641813,-140,12,-980
3641833,-132,20,-972
3641853,-136,16,-968
3641873,-136,4,-964
3641894,-132,4,-964
3641914,-128,-4,-956
3641934,-124,0,-956
3641955,-128,0,-948
3641978,-132,0,-948
3641996,-132,0,-960
3642016,-128,0,-952
3642036,-124,-4,-952
3642057,-128,0,-956
3642077,-120,-16,-948
3642097,-120,-20,-948
3642117,-128,-16,-952
3642137,-128,-12,-960
3642158,-128,-8,-960
3642178,-120,-8,-964
3642198,-124,-12,-964
3642226,-124,-24,-968
3642239,-128,-28,-964
3642260,-128,-28,-972
3642280,-124,-24,-968
3642300,-124,-24,-972
3642321,-128,-28,-964
3642341,-124,-28,-972
3642361,-128,-32,-976
3642381,-124,-36,-968
3642401,-124,-32,-980
3642422,-120,-40,-972
3642442,-124,-40,-972
3642466,-120,-44,-964
3642482,-124,-36,-968
3642503,-120,-44,-972
3642523,-120,-44,-972
3642543,-124,-40,-968
3642563,-128,-44,-972
3642584,-116,-44,-976
3642604,-120,-44,-968
3642624,-128,-44,-976
3642645,-112,-44,-972
3642665,-116,-36,-968
3642685,-120,-32,-984
3642710,-124,-32,-980
3642726,-132,-28,-988
3642746,-120,-28,-996
3642767,-120,-24,-992
3642787,-124,-20,-1000
3642807,-124,-20,-1004
3642828,-124,-12,-1008
3642848,-120,-24,-1004
3642868,-128,-8,-1008
3642888,-124,-12,-1012
3642909,-124,0,-1024
3642934,-140,4,-1028
3642949,-136,0,-1032
3642970,-132,0,-1036
3642990,-128,8,-1044
3643010,-136,4,-1040
3643031,-136,4,-1036
3643051,-132,16,-1052
3643071,-136,12,-1052
3643092,-132,16,-1044
3643112,-128,16,-1056
3643132,-144,20,-1052
3643153,-132,36,-1060
3643178,-136,24,-1048
3643193,-128,36,-1064
3643213,-136,36,-1064
3643234,-144,32,-1060
3643254,-128,36,-1052
3643274,-136,40,-1052
3643295,-136,40,-1064
3643315,-136,40,-1052
3643335,-140,44,-1056
3643356,-140,32,-1048
3643376,-136,36,-1044
3643396,-144,40,-1048
3643422,-140,32,-1048
3643437,-140,40,-1052
3643457,-136,36,-1044
3643477,-128,36,-1052
3643497,-140,24,-1052
3643518,-132,44,-1044
3643538,-132,44,-1040
3643559,-136,40,-1036
3643579,-136,40,-1036
3643599,-140,36,-1036
3643620,-144,32,-1032
3643646,-136,32,-1036
3643660,-136,32,-1024
3643681,-144,16,-1008
3643701,-136,24,-996
3643721,-140,12,-988
3643741,-140,16,-984
3643761,-136,24,-996
3643782,-144,16,-996
3643802,-148,20,-980
3643822,-144,20,-988
3643843,-140,16,-980
3643863,-140,16,-972
3643890,-128,12,-980
3643904,-136,12,-968
3643924,-136,12,-972
3643944,-136,8,-964
3643965,-136,8,-960
3643985,-128,8,-956
3644005,-132,4,-948
3644025,-132,0,-960
3644046,-132,-4,-948
3644066,-140,0,-960
3644086,-132,-4,-948
3644107,-124,0,-956
3644127,-124,-12,-956
3644150,-116,-16,-968
3644168,-124,-20,-952
3644188,-124,-16,-952
3644209,-128,-20,-952
3644229,-128,-20,-956
3644249,-124,-20,-956
3644269,-128,-20,-964
3644289,-124,-16,-968
3644310,-124,-24,-968
3644330,-124,-32,-968
3644350,-124,-32,-964
3644378,-128,-40,-972
3644391,-128,-32,-972
3644412,-116,-28,-968
3644432,-128,-28,-980
3644451,-124,-28,-968
3644472,-120,-32,-976
3644492,-128,-40,-984
3644512,-116,-48,-980
3644533,-120,-44,-972
3644553,-124,-48,-984
3644573,-120,-44,-972
3644594,-120,-44,-980
3644618,-124,-40,-980
3644634,-124,-44,-976
3644654,-116,-40,-980
3644675,-120,-36,-984
3644695,-116,-36,-976
3644715,-120,-40,-976
3644736,-116,-44,-984
3644756,-116,-36,-988
3644776,-124,-24,-992
3644797,-124,-32,-992
3644817,-124,-20,-1000
3644837,-128,-20,-1004
3644978,-136,0,-1036
3644982,-132,4,-1020
3644986,-132,4,-1020
3644990,-132,4,-1020
3644994,-132,4,-1020
3644998,-132,4,-1020
3645002,-132,0,-1020
3645006,-132,0,-1020
3645020,-140,8,-1044
3645040,-136,20,-1040
3645061,-140,16,-1052
3645081,-140,28,-1056
3645106,-132,32,-1056
3645121,-136,16,-1044
3645142,-136,16,-1052
3645162,-136,24,-1052
3645182,-132,24,-1056
3645203,-136,28,-1056
3645223,-140,28,-1052
3645244,-136,36,-1052
3645264,-132,36,-1052
3645284,-136,28,-1056
3645304,-136,36,-1052
3645334,-136,32,-1040
3645345,-140,36,-1052
3645365,-140,36,-1048
3645385,-148,44,-1052
3645406,-140,40,-1048
3645426,-144,36,-1056
3645446,-144,40,-1048
3645467,-132,36,-1048
3645487,-132,36,-1052
3645508,-136,40,-1044
3645528,-140,44,-1036
3645548,-140,40,-1040
3645574,-136,32,-1036
3645589,-140,28,-1028
3645609,-136,28,-1036
3645629,-140,28,-1036
3645649,-144,32,-1032
3645670,-148,40,-1036
3645690,-140,32,-1024
3645710,-132,32,-1008
3645731,-140,28,-1004
3645751,-136,12,-992
3645772,-136,24,-992
3645792,-140,16,-1004
3645818,-140,24,-1008
3645833,-144,24,-1000
3645853,-140,16,-988
3645873,-128,12,-984
3645893,-136,8,-972
3645913,-136,8,-968
3645933,-136,8,-964
3645954,-128,0,-952
3645974,-124,0,-964
3645995,-140,0,-948
3646015,-128,0,-956
3646035,-132,8,-952
3646058,-132,0,-944
3646075,-132,-4,-956
3646097,-120,-20,-948
3646117,-124,-12,-956
3646137,-132,-8,-960
3646157,-132,-12,-956
3646177,-124,-8,-956
3646197,-124,-12,-952
3646218,-128,0,-956
3646238,-124,-20,-964
3646258,-124,-12,-960
3646278,-120,-20,-960
3646302,-124,-12,-964
3646320,-124,-24,-960
3646339,-128,-36,-964
3646360,-124,-28,-972
3646380,-116,-32,-968
3646400,-128,-36,-972
3646421,-116,-36,-980
3646441,-124,-36,-972
3646461,-128,-44,-980
3646481,-124,-36,-972
3646502,-124,-44,-976
3646522,-120,-36,-972
3646546,-116,-44,-972
3646563,-116,-40,-968
3646583,-108,-48,-976
3646603,-120,-44,-972
3646624,-120,-48,-972
3646644,-124,-52,-972
3646664,-116,-40,-972
3646685,-116,-48,-976
3646705,-108,-36,-976
3646725,-116,-36,-976
3646745,-112,-32,-980
3646774,-124,-28,-988
3646786,-124,-40,-984
3646806,-116,-28,-988
3646827,-120,-24,-996
3646847,-124,-20,-996
3646867,-132,-12,-996
3646888,-128,-16,-1000
3646908,-128,-8,-1004
3646928,-132,-8,-1008
3646949,-124,-4,-1012
3646969,-116,-4,-1004
3646989,-132,-8,-1012
3647014,-132,-12,-1024
3647030,-136,4,-1020
3647050,-136,0,-1044
3647070,-132,0,-1036
3647091,-136,4,-1044
3647111,-140,12,-1040
3647131,-132,12,-1044
3647151,-140,12,-1052
3647172,-136,24,-1052
3647192,-132,20,-1056
3647213,-132,20,-1052
3647233,-128,24,-1052
3647258,-140,24,-1048
3647273,-140,28,-1056
3647293,-136,32,-1060
3647314,-136,32,-1060
3647334,-140,32,-1056
3647354,-136,32,-1060
3647375,-140,36,-1060
3647396,-128,40,-1060
3647416,-144,48,-1064
3647436,-136,36,-1052
3647456,-136,36,-1052
3647486,-136,36,-1044
3647496,-132,32,-1056
3647517,-148,32,-1056
3647537,-140,36,-1052
3647557,-140,40,-1048
3647578,-136,36,-1048
3647598,-136,40,-1048
3647618,-140,40,-1048
3647639,-140,36,-1040
3647660,-140,36,-1040
3647680,-152,24,-1048
3647700,-136,36,-1028
3647726,-136,28,-1044
3647741,-144,28,-1016
3647761,-140,36,-1008
3647781,-136,28,-1008
3647801,-136,28,-1004
3647821,-136,24,-996
3647842,-136,24,-996
3647862,-136,32,-992
3647882,-140,16,-988
3647903,-144,16,-984
3647924,-140,12,-980
3647944,-136,12,-976
3647970,-132,12,-972
3647984,-140,8,-968
3648005,-132,16,-968
3648025,-140,0,-968
3648045,-136,8,-960
3648065,-128,4,-960
3648085,-128,-4,-960
3648106,-128,0,-952
3648126,-120,-12,-952
3648146,-124,-12,-948
3648166,-128,-12,-944
3648187,-124,-8,-948
3648214,-124,-4,-960
3648228,-124,-8,-944
3648249,-124,-24,-956
3648269,-120,-16,-956
3648289,-128,-20,-956
3648309,-124,-24,-952
3648329,-116,-28,-952
3648349,-120,-20,-964
3648369,-124,-24,-964
3648390,-128,-24,-960
3648410,-116,-28,-968
3648430,-124,-28,-968
3648454,-124,-32,-972
3648471,-124,-32,-964
3648491,-120,-32,-964
3648512,-128,-36,-968
3648532,-128,-44,-972
3648552,-116,-36,-976
3648573,-120,-48,-968
3648593,-124,-36,-972
3648613,-120,-36,-976
3648633,-124,-44,-980
3650014,-136,8,-980